t_s,gyro_deg_s,encoder_position_deg,reference_deg_s
-1.6516700910000002,0.1210185489026713,84.638671875,0.0
-1.6321990910000002,0.0068810647772338815,84.638671875,0.0
-1.6126930910000001,0.012079030877806303,84.638671875,0.0
-1.591657091,0.016654665071996203,84.638671875,0.0
-1.5722050910000003,-0.10205845324763115,84.638671875,0.0
-1.5519360910000002,-0.09880058648271035,84.638671875,0.0
-1.5320560910000003,0.12427641566759208,84.638671875,0.0
-1.511511091,-0.10531632001255191,84.638671875,0.0
-1.491667091,0.0068810647772338815,84.638671875,0.0
-1.4725070910000002,0.12039621699628879,84.638671875,0.0
-1.4525490910000003,0.1210185489026713,84.638671875,0.0
-1.431972091,0.0068810647772338815,84.638671875,0.0
-1.411899091,0.0036231980123131078,84.638671875,0.0
-1.392268091,0.12559418309686124,84.638671875,0.0
-1.3719140910000003,-0.10663408744182103,84.638671875,0.0
-1.3525400910000003,0.013396798307075429,84.638671875,0.0
-1.3322920910000002,0.010138931542154657,84.638671875,0.0
-1.3121400910000003,0.12365408376120955,84.638671875,0.0
-1.2922520910000002,0.00882116411288553,84.638671875,0.0
-1.2724680910000001,0.012774466400692911,84.638671875,0.0
-1.2520520910000001,0.12691195052613033,84.638671875,0.0
-1.232796091,0.0068810647772338815,84.638671875,0.0
-1.213022091,0.010138931542154657,84.638671875,0.0
-1.1930720910000001,0.013396798307075429,84.638671875,0.0
-1.1727190910000003,0.013396798307075429,84.638671875,0.0
-1.152270091,0.12559418309686124,84.638671875,0.0
-1.133085091,-0.09880058648271035,84.638671875,0.0
-1.1128550910000001,0.11713835023136804,84.638671875,0.0
-1.0929490910000002,-0.10663408744182103,84.638671875,0.0
-1.0723220910000002,0.010138931542154657,84.638671875,0.0
-1.0527350910000002,0.12039621699628879,84.638671875,0.0
-1.0332660910000002,0.12233631633194045,84.638671875,0.0
-1.012865091,0.005563297347964757,84.638671875,0.0
-0.9923490910000001,0.12691195052613033,84.638671875,0.0
-0.9727670910000001,0.010138931542154657,84.638671875,0.0
-0.9531290910000001,0.012079030877806303,84.638671875,0.0
-0.9334040910000001,0.013396798307075429,84.638671875,0.0
-0.9128220910000002,-0.21619593737306858,84.638671875,0.0
-0.8926780910000001,0.00882116411288553,84.638671875,0.0
-0.873291091,0.013396798307075429,84.638671875,0.0
-0.8531400910000002,0.010138931542154657,84.638671875,0.0
-0.8330680910000001,0.12039621699628879,84.638671875,0.0
-0.8127060910000001,0.013396798307075429,84.638671875,0.0
-0.793185091,0.12233631633194045,84.638671875,0.0
-0.7735470910000002,0.008198832206503009,84.638671875,0.0
-0.7530040910000002,0.013396798307075429,84.638671875,0.0
-0.7343830910000002,0.01859476440764785,84.638671875,0.0
-0.7137390910000001,0.005563297347964757,84.638671875,0.0
-0.6939750910000002,0.13210991662670274,84.638671875,0.0
-0.6731340910000001,0.00882116411288553,84.638671875,0.0
-0.653372091,0.012079030877806303,84.638671875,0.0
-0.6341880910000002,0.010138931542154657,84.638671875,0.0
-0.613755091,-0.10857418677747267,84.638671875,0.0
-0.5934190910000001,0.0068810647772338815,84.638671875,0.0
-0.5735160910000001,0.010138931542154657,84.638671875,0.0
-0.5536530910000002,0.010138931542154657,84.638671875,0.0
-0.5336290910000001,0.010138931542154657,84.638671875,0.0
-0.5136980910000002,0.010138931542154657,84.638671875,0.0
-0.49469409100000017,0.010138931542154657,84.638671875,0.0
-0.474774091,0.010138931542154657,84.638671875,0.0
-0.4538660910000001,0.010138931542154657,84.638671875,0.0
-0.43356109100000007,0.010138931542154657,84.638671875,0.0
-0.4142570910000001,0.010138931542154657,84.638671875,0.0
-0.3939920910000001,0.010138931542154657,84.638671875,0.0
-0.3751900910000001,0.010138931542154657,84.638671875,0.0
-0.3539730910000001,0.010138931542154657,84.638671875,0.0
-0.3350510910000002,0.010138931542154657,84.638671875,0.0
-0.3141450910000001,0.010138931542154657,84.638671875,0.0
-0.29408509100000013,0.010138931542154657,84.638671875,0.0
-0.2748730910000001,0.010138931542154657,84.638671875,0.0
-0.2550070910000002,0.010138931542154657,84.638671875,0.0
-0.23390309100000017,0.010138931542154657,84.638671875,0.0
-0.21513609099999997,0.010138931542154657,84.638671875,0.0
-0.19432809100000004,0.010138931542154657,84.638671875,0.0
-0.17419109099999996,0.010138931542154657,84.638671875,0.0
-0.15495409100000002,0.010138931542154657,84.638671875,0.0
-0.13446609100000018,0.010138931542154657,84.638671875,0.0
-0.11525109099999997,0.010138931542154657,84.638671875,0.0
-0.09554609100000011,0.010138931542154657,84.638671875,0.0
-0.07459409100000003,0.010138931542154657,84.638671875,0.0
-0.05465309100000004,0.010138931542154657,84.638671875,0.0
-0.03457809099999998,0.010138931542154657,84.638671875,0.0
-0.014220091000000101,0.010138931542154657,84.638671875,0.0
0.005617909000000143,0.010138931542154657,84.638671875,0.0
0.02504090899999989,0.010138931542154657,84.638671875,0.0
0.04479290899999988,0.010138931542154657,84.638671875,0.0
0.06433690900000011,0.010138931542154657,84.638671875,0.0
0.08534990900000006,0.010138931542154657,84.638671875,0.0
0.10395990899999985,0.010138931542154657,84.638671875,0.0
0.12504690899999993,0.010138931542154657,84.638671875,0.0
0.1444079089999999,0.010138931542154657,84.638671875,0.0
0.16510590899999977,0.010138931542154657,84.638671875,0.0
0.18405090899999976,0.010138931542154657,84.638671875,0.0
0.20491390900000006,0.010138931542154657,84.638671875,0.0
0.22505690900000008,0.010138931542154657,84.638671875,0.0
0.24380790900000004,0.010138931542154657,84.638671875,0.0
0.26447290899999976,0.010138931542154657,84.638671875,0.0
0.2845609090000001,0.010138931542154657,84.638671875,0.0
0.3043149089999999,0.010138931542154657,84.638671875,0.0
0.32488390899999997,0.010138931542154657,84.638671875,0.0
0.3450159089999998,0.010138931542154657,84.638671875,0.0
0.36440290899999983,0.010138931542154657,84.638671875,0.0
0.384581909,0.010138931542154657,84.638671875,0.0
0.40456790899999984,0.010138931542154657,84.638671875,0.0
0.425121909,0.010138931542154657,84.638671875,0.0
0.4443839089999999,0.010138931542154657,84.638671875,0.0
0.46446290899999987,0.010138931542154657,84.638671875,0.0
0.48461590899999996,0.010138931542154657,84.638671875,0.0
0.5033909090000002,0.010138931542154657,84.638671875,0.0
0.5243729089999998,0.010138931542154657,84.638671875,0.0
0.543932909,0.010138931542154657,84.638671875,0.0
0.5640009089999998,0.010138931542154657,84.638671875,0.0
0.5844039090000002,0.010138931542154657,84.638671875,0.0
0.604808909,0.010138931542154657,84.638671875,0.0
0.6238469090000001,0.010138931542154657,84.638671875,0.0
0.644192909,0.010138931542154657,84.638671875,0.0
0.6641169090000001,0.010138931542154657,84.638671875,0.0
0.6847019090000002,0.010138931542154657,84.638671875,0.0
0.7039229090000001,0.010138931542154657,84.638671875,0.0
0.7240159089999998,0.010138931542154657,84.638671875,0.0
0.7439719089999999,0.010138931542154657,84.638671875,0.0
0.7629409090000001,0.010138931542154657,84.638671875,0.0
0.7839899090000002,0.010138931542154657,84.638671875,0.0
0.8034649090000001,0.010138931542154657,84.638671875,0.0
0.8236439089999998,0.010138931542154657,84.638671875,0.0
0.844041909,0.010138931542154657,84.638671875,0.0
0.8627829089999999,0.010138931542154657,84.638671875,0.0
0.883774909,0.010138931542154657,84.638671875,0.0
0.9039859090000002,0.010138931542154657,84.638671875,0.0
0.923863909,0.010138931542154657,84.6049326444772,0.0
0.9437599090000002,0.010138931542154657,84.6045136965317,0.0
0.9637029090000002,0.010138931542154657,84.5947265625,0.0
0.9836589089999999,0.010138931542154657,84.63243779460986,0.0
1.003424909,0.010138931542154657,84.5947265625,0.0
1.022575909,0.010138931542154657,84.5947265625,0.0
1.043534909,0.010138931542154657,84.5947265625,0.0
1.063039909,0.010138931542154657,84.5947265625,0.0
1.083394909,0.010138931542154657,84.5947265625,0.0
1.1036129090000002,0.46086857003694937,84.5947265625,0.0
1.1229109089999998,0.685263339616521,84.62149620261957,0.0
1.142368909,0.7955206250706551,84.638671875,0.0
1.1632309090000001,0.6833232402808694,84.638671875,0.0
1.1832309090000002,0.12427641566759208,84.638671875,0.0
1.203086909,-0.10074068581836201,84.638671875,0.0
1.223263909,0.12427641566759208,84.638671875,0.0
1.243193909,0.013396798307075429,84.638671875,0.0
1.2621129089999998,-0.10531632001255191,84.638671875,0.0
1.282071909,0.012079030877806303,84.638671875,0.0
1.303104909,0.005563297347964757,84.66610966373156,0.0
1.322595909,-0.10074068581836201,84.638671875,0.0
1.342719909,-0.10205845324763115,84.638671875,0.0
1.363094909,0.005563297347964757,84.65795587526561,0.0
1.3826479090000001,0.010138931542154657,84.67720940878343,0.0
1.4018829090000002,0.00882116411288553,84.638671875,0.0
1.422770909,0.010138931542154657,84.638671875,0.0
1.4425369090000002,-0.10205845324763115,84.638671875,0.0
1.4627759089999999,-0.10531632001255191,84.638671875,0.0
1.481817909,-0.21425583803741693,84.638671875,0.0
1.501701909,0.010138931542154657,84.638671875,0.0
1.522753909,-0.10531632001255191,84.638671875,0.0
1.541683909,0.008198832206503009,84.638671875,0.0
1.5625459090000002,-0.10663408744182103,84.638671875,0.0
1.582768909,0.0068810647772338815,84.638671875,0.0
1.6017859090000002,-0.09880058648271035,84.638671875,0.0
1.622419909,-0.09880058648271035,84.638671875,0.0
1.642692909,0.12039621699628879,84.638671875,0.0
1.662406909,-0.10337622067690025,84.638671875,0.0
1.6821219090000001,0.010138931542154657,84.638671875,0.0
1.7020839090000002,0.010138931542154657,84.638671875,0.0
1.7223069089999998,-0.10205845324763115,84.6826171875,0.0
1.7420719089999999,0.014714565736344555,84.638671875,0.0
1.7625319090000002,0.010138931542154657,84.638671875,0.0
1.7818359090000002,0.010138931542154657,84.638671875,0.0
1.801636909,-0.10205845324763115,84.638671875,0.0
1.822252909,-0.10011835391197949,84.638671875,0.0
1.8416349090000002,0.005563297347964757,84.638671875,0.0
1.8616189090000002,0.010138931542154657,84.638671875,0.0
1.882230909,0.010138931542154657,84.638671875,0.0
1.9018069090000003,0.013396798307075429,84.65279417685589,0.0
1.9218089090000001,0.1210185489026713,84.638671875,0.0
1.942065909,0.12365408376120955,84.662360087357,0.0
1.9617419090000001,-0.10011835391197949,84.67266224601609,0.0
1.981762909,-0.10857418677747267,84.67138125062992,0.0
2.001921909,0.12559418309686124,84.638671875,0.0016159209906075407
2.0221749090000003,-0.1098919542067418,84.638671875,0.07290055501738874
2.0411439089999996,0.01859476440764785,84.638671875,0.24490809814325545
2.0608349090000004,0.007503396683616403,84.638671875,0.5239728477588292
2.081871909,0.010138931542154657,84.638671875,0.9211923505202801
2.1005219090000002,-0.09880058648271035,84.638671875,1.341642378796631
2.1211379089999998,0.11582058280209889,84.638671875,1.86110249600688
2.1417809090000004,0.010138931542154657,84.638671875,2.412860963311429
2.161424909,0.12691195052613033,84.638671875,2.9423202425182287
2.1813219090000002,0.11907844956701966,84.638671875,3.4581778785310924
2.2017889090000002,0.11907844956701966,84.638671875,3.942189961521547
2.221681909,0.23259360178607455,84.638671875,4.345265356189714
2.2414739089999998,0.4635041048954876,84.638671875,4.661657544872992
2.2616349090000005,1.0231732614151476,84.638671875,4.881973653896648
2.280572909,1.9194345723041644,84.6826171875,4.986592181577119
2.300733909,3.3780005745713804,84.73759220534644,5.0
2.320521909,4.723051424619541,84.8583984375,5.0
2.341076909,5.174476498637223,84.9462890625,5.0
2.361423909,5.514326519771501,85.07812499999999,5.0
2.3804779089999997,6.075313443720429,85.166015625,5.0
2.400895909,6.5227852154503045,85.2978515625,5.0
2.420091909,6.8613174691553125,85.47363281249999,5.0
2.441059909,7.309484676408071,85.60546874999999,5.0
2.460598909,7.64150119658324,85.78124999999999,5.0
2.4806769090000005,8.096806469272224,85.91980132143237,5.0
2.501012909,8.9865520466314,86.1328125,5.0
2.5210889090000004,9.217462549740814,86.29012514713577,5.0
2.540492909,8.994385547590511,86.48387030927385,5.0
2.560372909,9.220098084599353,86.66015624999999,5.0
2.580115909,8.991127680825588,86.86321122109092,5.0
2.600640909,8.770613109917322,87.01879289183796,5.0
2.6208249090000004,8.541020374237178,87.1875,5.0
2.6401879089999998,8.425565122682471,87.36328125,5.0
2.6604619090000003,7.64475906334816,87.53703356472582,5.0
2.6804269090000004,6.86069513724893,87.66774232976759,5.0
2.7011729090000003,6.07399567629116,87.802734375,5.0
2.720436909,5.285978447904121,87.89062499999999,5.0
2.7403359089999997,4.607596173064834,87.97851562499999,5.0
2.7604919089999997,3.943563132714499,88.06640624999999,5.0
2.7806389090000003,3.1562413398503466,88.11035156249999,5.0
2.8006369090000005,2.4817392636823628,88.15429687499999,5.0
2.819747909,1.9174944729685133,88.1982421875,5.0
2.840212909,1.4719628005742909,88.2421875,5.0
2.860471909,1.024491028844417,88.2421875,5.0
2.8795109090000004,1.017975295314575,88.2861328125,5.0
2.8994329089999997,0.6878988744750593,88.330078125,5.0
2.920263909,0.4576107032720286,88.330078125,5.0
2.9399209090000005,0.22995806692753634,88.330078125,5.0
2.9600899089999997,0.4576107032720286,88.330078125,5.0
2.980100909,0.4641264368018701,88.330078125,5.0
2.9998419089999997,0.34347321914659124,88.330078125,5.0
3.0200399090000003,0.45567060393637704,88.330078125,5.0
3.0403479090000003,0.34479098657586044,88.3740234375,5.0
3.060165909,0.3467310859115121,88.35824950292584,5.0
3.0797139090000005,0.35192905201208446,88.3740234375,5.0
3.100124909,0.22933573502115379,88.3740234375,5.0
3.1201579090000005,0.34541331848224294,88.3740234375,5.0
3.139211909,0.3499889526764328,88.38636210449843,5.0
3.1597009090000006,0.3467310859115121,88.38356989703443,5.0
3.179999909,0.34215545171732215,88.41796875,5.0
3.199270909,0.34215545171732215,88.41796875,5.0
3.2195759090000005,0.45567060393637704,88.41796875,5.0
3.240025909,0.4621863374662184,88.41796875,5.0
3.259882909,0.5757014896852735,88.41796875,5.0
3.2793999090000003,0.5678679887261628,88.41796875,5.0
3.298892909,0.6833232402808694,88.4619140625,5.0
3.3194969089999997,0.5743837222560043,88.4619140625,5.0
3.3392009090000006,0.7955206250706551,88.4619140625,5.0
3.359785909,1.0218554939858784,88.505859375,5.0
3.3795809090000004,1.1340528787756643,88.50873845605757,5.0
3.3988469090000004,1.4719628005742909,88.5498046875,5.0
3.4190979090000004,1.9226924390690852,88.59375,5.0
3.439510909,2.3708596463218465,88.6376953125,5.0
3.4594479090000005,3.263863090445943,88.681640625,5.0
3.4792659090000004,4.046609249115904,88.76953125,5.0
3.499284909,5.519524485872073,88.9013671875,5.0
3.5194579089999998,6.971574754609446,89.033203125,5.0
3.539538909,8.54559600843137,89.20898437499999,5.0
3.5590879090000005,10.788225936797815,89.4287109375,5.0
3.578762909,13.146311116718968,89.6923828125,5.0
3.5991079089999998,15.726850966884042,90.0,5.0
3.6184429090000005,17.746403893100187,90.35156250000001,5.0
3.6388949090000002,19.655699533862197,90.763461696914,5.0
3.657950909,20.784189115289898,91.1619090441644,5.0
3.679205909,21.340600405044633,91.6126809296445,5.0
3.698513909,21.33866030570898,91.97848423260002,5.0
3.7185639090000002,21.23166088701977,92.37621195656152,5.0
3.738781909,21.004008250675277,92.7796096333623,5.0
3.7590599090000003,21.116205635465064,93.1640625,5.0
3.779300909,21.116205635465064,93.59375588183559,5.0
3.7983289090000003,21.005326018104547,93.99070823043077,5.0
3.818228909,20.32888384260091,94.39453125,5.0
3.837778909,19.54481991650168,94.833984375,5.0
3.8588219090000004,18.198451299024246,95.22949218749999,5.0
3.8778519090000003,16.854022780882474,95.5810546875,5.0
3.898696909,15.613335814664984,95.9326171875,5.0
3.918357909,14.380482349406613,96.23337652390413,5.0
3.938291909,12.80646109558469,96.53816578692425,5.0
3.958027909,11.345954993981824,96.767578125,5.0
3.9780649090000004,9.780389573025394,96.943359375,5.0
3.998177909,8.317943372086875,97.119140625,5.0
4.018491909,7.308166908978801,97.29318258199811,5.0
4.037627909,6.181617426886755,97.38946171945742,5.0
4.057627909,4.836566576838595,97.51464843750001,5.0
4.077598909,3.943563132714499,97.60253906249999,5.0
4.0982549090000004,3.1516657056561566,97.65652621703616,5.0
4.117079909,2.0329497245232195,97.73437499999999,5.0
4.137693909,1.1353706462049336,97.73437499999999,5.0
4.158182909,0.8020363586004967,97.73437499999999,5.0
4.177792909,0.5730659548267353,97.73437499999999,5.0
4.198169909000001,0.3467310859115121,97.7783203125,5.0
4.217845909,0.12365408376120955,97.7783203125,5.0
4.237830909,0.34479098657586044,97.7783203125,5.0
4.257807909,0.12171398442555793,97.7783203125,5.0
4.276761909,0.0068810647772338815,97.7783203125,5.0
4.297778909,0.12233631633194045,97.7783203125,5.0
4.3173609090000005,0.2429895339872194,97.822265625,5.0
4.337432909,0.5711258554910835,97.822265625,5.0
4.356627909,1.2508258977596398,97.822265625,5.0
4.377552909,1.130172680104361,97.8662109375,5.0
4.397016909,0.5711258554910835,97.8662109375,5.0
4.417319909000001,0.24104943465156775,97.8662109375,5.0
4.4372779090000005,0.22933573502115379,97.8662109375,5.0
4.457345909,0.23321593369245713,97.8662109375,5.0
4.477789909,0.23321593369245713,97.8662109375,5.0
4.497687909000001,0.11776068213775054,97.8662109375,5.0
4.5174109090000005,0.22801796759188464,97.8662109375,5.0
4.537132909,0.11713835023136804,97.91015625,5.0
4.5573599090000005,0.01797243250126533,97.91015625,5.0
4.5771149090000005,0.2312758343568054,97.91015625,5.0
4.597067909000001,0.6839455721872519,97.91015625,5.0
4.617746909,1.4660693989508318,97.9541015625,5.0
4.636529909,2.371481978228229,97.998046875,5.0
4.656991909,3.153605804991808,98.0419921875,5.0
4.677389909,3.0407860882956403,98.0859375,5.0
4.696831909,2.820271517387372,98.1298828125,5.0
4.716901909000001,2.4804214962530935,98.173828125,5.0
4.737277909,2.371481978228229,98.2177734375,5.0
4.757203909,2.02837409032903,98.26171874999999,5.0
4.777282909,1.6917819359596726,98.3056640625,5.0
4.795908909,1.247568030994719,98.33338724041771,4.994232235603314
4.8167069090000005,0.8007185911712276,98.349609375,4.895100729749953
4.8364109090000005,0.6800653735159486,98.349609375,4.6898571077540785
4.856424909,0.5822172232151149,98.35148507882883,4.379542904132323
4.876868909000001,0.23453370112172622,98.349609375,3.971707047992758
4.896148909,0.12039621699628879,98.349609375,3.5211048559890608
4.916406909,0.11907844956701966,98.38893594077669,2.999988452306852
4.9371059090000005,0.010138931542154657,98.37655785924179,2.443006488803723
4.9563659090000005,0.005563297347964757,98.39355468749999,1.9267133229017182
4.976570909,0.2312758343568054,98.39355468749999,1.4122393155542607
4.996270909000001,0.4635041048954876,98.39355468749999,0.9602616328764736
5.016288909,1.1353706462049336,98.4375,0.5727652348964943
5.036590909,2.4817392636823628,98.4814453125,0.2721940764990963
5.0556379090000005,3.9403052659495783,98.5693359375,0.08697313506406264
5.0763079090000005,5.171840963778684,98.61328124999999,0.00276723779778084
5.096072909,6.517587249349731,98.74511718749999,0.0
5.1164789090000005,7.6512747968780035,98.87695312499999,0.0
5.136542909,8.431458524305931,99.01194181601322,0.0
5.155803909,8.763475044481098,99.1845703125,0.0
5.176094909000001,8.432080856212313,99.34418379419226,0.0
5.196502909,7.986549183818091,99.4921875,0.0
5.216512909,6.859377369819661,99.62502423701393,0.0
5.236192909000001,5.959858192165723,99.75585937499999,0.0
5.256479909,4.844400077797706,99.84374999999999,0.0
5.276142909000001,3.7113348621758164,99.93164062500001,0.0
5.296250909,2.25540439476714,99.97558593749999,0.0
5.315161909,1.2495081303303708,99.97558593749999,0.0
5.3360109090000005,0.45435283650710795,100.01953124999999,0.0
5.356390909,0.12427641566759208,100.01953124999999,0.0
5.375308909,0.22801796759188464,100.01953124999999,0.0
5.395796909,-0.10205845324763115,100.01953124999999,0.0
5.415499909,0.011456698971423781,100.01953124999999,0.0
5.435004909,0.01859476440764785,100.01953124999999,0.0
5.4556539090000005,-0.10337622067690025,99.97558593749999,0.0
5.4757649090000005,0.010138931542154657,99.97558593749999,0.0
5.495611909,0.0068810647772338815,99.97558593749999,0.0
5.5159049090000005,-0.10205845324763115,99.97558593749999,0.0
5.535508909000001,0.012079030877806303,99.97558593749999,0.0
5.555282909000001,-0.10011835391197949,99.97558593749999,0.0
5.575108909,-0.10074068581836201,99.95029671226784,0.0
5.594318909,-0.10531632001255191,99.93164062500001,0.0
5.615581909,0.12822971795539947,99.93164062500001,0.0
5.634865909,-0.32971108959212353,99.93164062500001,0.0
5.655136909,-0.5541058591716951,99.88769531249999,0.0
5.674534909,-0.7719848952214252,99.88769531249999,0.0
5.695567909,-1.4484270707250604,99.80399482654421,0.0
5.714843909000001,-1.8958988424549346,99.7998046875,0.0
5.735013909,-2.908933172327928,99.71191406249999,0.0
5.755094909,-4.593834043510366,99.6240234375,0.0
5.774109909,-6.2702790818273115,99.4921875,0.0
5.794829909000001,-9.197184686656506,99.31640625,0.0
5.814649909,-11.883406188081523,99.06029553860904,0.0
5.834660909,-12.673985847710595,98.86886478357732,0.0
5.855342909,-9.983884147614276,98.65722656249999,0.0
5.874012909,-6.051777713871199,98.52539062499999,0.0
5.893933909,-2.565825284428729,98.4375,0.0
5.9148919090000005,0.12427641566759208,98.4375,0.0
5.9341199090000005,-0.20836243641395788,98.4375,0.0
5.954987909000001,0.34215545171732215,98.4375,0.0
5.974078909,-0.10011835391197949,98.45453248832021,0.0
5.994771909000001,-0.1060117555354385,98.44954251505052,0.0
6.014648909000001,0.12039621699628879,98.4814453125,0.0
6.034186909,-0.10469398810616938,98.4814453125,0.0
6.054952909,0.2312758343568054,98.4814453125,0.0
6.074621909,0.34479098657586044,98.48775646450247,0.0
6.094757909000001,0.5789593564501943,98.52539062499999,0.0
6.1147119089999995,0.7922627583057344,98.5693359375,0.0
6.133418909,1.2443101642297985,98.60465035064603,0.0
6.154254909,1.6917819359596726,98.61328124999999,0.0
6.174857909000001,2.59130111361361,98.6845309439314,0.0
6.194350909,3.7191683631349277,98.74511718749999,0.0
6.214576909000001,5.625206137132018,98.87695312499999,0.0
6.234093909000001,8.425565122682471,99.03619559005608,0.0
6.2542769090000006,11.684487247686832,99.23695979679836,0.0
6.274293909,15.396774546044526,99.56997815921268,0.0
6.293273909000001,18.310648683814037,99.88769531249999,0.0
6.3140749089999995,19.771154785416904,100.283203125,0.0
6.333888909,18.985773091888408,100.67871093749999,0.0
6.353004909,17.073219584361475,101.03027343749999,0.0
6.374062909,15.167181810364381,101.33789062499999,0.0
6.392948909,12.80646109558469,101.6015625,0.0
6.413073909,10.671452917813838,101.8212890625,0.0
6.433964909000001,8.541020374237178,101.9970703125,0.0
6.453888909000001,6.520845116114652,102.17285156249999,0.0
6.473959909,4.499974422469239,102.23866153171234,0.0
6.493992909,2.9337866696064268,102.30468749999999,0.0
6.513869909000001,1.4719628005742909,102.3230316172725,0.0
6.532793909,0.2397316672222986,102.34863281250001,0.0
6.552825909,0.23321593369245713,102.34863281250001,0.0
6.573798909,-0.10663408744182103,102.34863281250001,0.0
6.593524909,0.1210185489026713,102.34863281250001,0.0
6.612686909,0.0068810647772338815,102.34863281250001,0.0
6.633614909000001,0.0068810647772338815,102.34863281250001,0.0
6.652609909,-0.09880058648271035,102.34063080065141,0.0
6.6738889089999995,0.016654665071996203,102.3302625101906,0.0
6.693263909,-0.10337622067690025,102.30468749999999,0.0
6.713474909000001,-0.1014361213412486,102.30468749999999,0.0
6.733501909,0.12233631633194045,102.30468749999999,0.0
6.753479909,0.0068810647772338815,102.30468749999999,0.0
6.7734399089999995,-0.21099797127249614,102.26074218749999,0.0
6.792402909000001,-0.4373328401877194,102.26074218749999,0.0
6.812362909,-0.7798183961805358,102.216796875,0.0
6.833258909,-1.3394875527001955,102.216796875,0.0
6.853613909000001,-1.788277091859339,102.17285156249999,0.0
6.872658909000001,-2.905675305563007,102.12890624999999,0.0
6.892972909,-4.367499174595143,101.9970703125,0.0
6.912652909000001,-6.494673851406883,101.865234375,0.0
6.932998909000001,-8.8625326316228,101.689453125,0.0
6.953411909000001,-11.77772453682158,101.4697265625,0.0
6.973660909,-12.898380617290169,101.20605468749999,0.0
6.9934299090000005,-11.219995479637568,100.986328125,0.0
7.011921909000001,-7.066129811173461,100.8544921875,0.0
7.032732909000001,-3.1346457093367683,100.7666015625,0.0
7.052693909000001,0.22801796759188464,100.72265625,0.0
7.072494909,-0.43469730532918116,100.72265625,0.0
7.093214909000001,0.11713835023136804,100.72265625,0.0
7.112538909,0.00882116411288553,100.72265625,0.0
7.131774909,0.00424552991869563,100.73431615093722,0.0
7.152736909000001,0.2339113692153437,100.72265625,0.0
7.171978909000001,-0.10337622067690025,100.74478620419839,0.0
7.193038909000001,0.12233631633194045,100.74735366174734,0.0
7.212325909,0.009516599635772135,100.72265625,0.0
7.232583909,-0.10268078515401365,100.75911157017636,0.0
7.252380909,0.013396798307075429,100.81054687499999,0.0
7.271407909,1.5750089169756967,100.8124978014074,0.0
7.291695909,1.1353706462049336,100.8544921875,0.0
7.311987909,0.3480488533407812,100.8544921875,0.0
7.3319819090000005,-0.10205845324763115,100.8544921875,0.0
7.352441909,0.010138931542154657,100.8544921875,0.0
7.371915909000001,-0.10337622067690025,100.8544921875,0.0
7.392591909000001,0.3467310859115121,100.8544921875,0.0
7.412419909,0.0068810647772338815,100.8544921875,0.0
7.432020909000001,0.008198832206503009,100.8544921875,0.0
7.452788909,0.12039621699628879,100.8544921875,0.0
7.4720609090000005,0.013396798307075429,100.8544921875,0.0
7.491997909000001,-0.10399855258328278,100.8544921875,0.0
7.512109909,0.1210185489026713,100.8544921875,0.0
7.530937909000001,0.008198832206503009,100.8544921875,0.0
7.551915909000001,-0.1014361213412486,100.8544921875,0.0
7.571669909,-0.10205845324763115,100.8544921875,0.0
7.591369909,-0.10469398810616938,100.8544921875,0.0
7.612187909,0.014714565736344555,100.8544921875,0.0
7.631065909000001,0.012079030877806303,100.8544921875,0.0
7.651793909000001,0.12233631633194045,100.8544921875,0.0
7.672054909000001,-0.10074068581836201,100.8544921875,0.0
7.691510909000001,0.008198832206503009,100.8544921875,0.0
7.712153909,-0.10663408744182103,100.8544921875,0.0
7.731606909000001,-0.09686048714705872,100.8544921875,0.0
7.751509909,0.11907844956701966,100.8544921875,0.0
7.771555909000001,0.12039621699628879,100.8544921875,0.0
7.790820909,0.011456698971423781,100.8544921875,0.0
7.811465909,0.013396798307075429,100.8544921875,0.0
7.831032909,0.12233631633194045,100.8544921875,0.0
7.850808909,0.1210185489026713,100.8544921875,0.0
7.871658909,0.0068810647772338815,100.8544921875,0.0
7.890755909,0.010138931542154657,100.8544921875,0.0
7.911093909000001,0.1210185489026713,100.8544921875,0.0
7.931509909,0.013396798307075429,100.8544921875,0.0
7.951119909,0.0068810647772338815,100.8544921875,0.0
7.971406909,-0.09880058648271035,100.8544921875,0.0
7.991158909,-0.11051428611312433,100.8544921875,0.0
8.011065909,0.12559418309686124,100.8544921875,0.0
8.031270909,0.008198832206503009,100.8544921875,0.0
8.050118909000002,0.13210991662670274,100.8544921875,0.0
8.070971909,0.010138931542154657,100.8544921875,0.0
8.090536909,0.12039621699628879,100.8544921875,0.0
8.110512909,0.013396798307075429,100.8544921875,0.0
8.131162909,-0.10337622067690025,100.8544921875,0.0
8.150329909,0.013396798307075429,100.8544921875,0.0
8.170617909,0.015336897642727075,100.8544921875,0.0
8.191135909,0.0036231980123131078,100.8544921875,0.0
8.210649909,0.010138931542154657,100.8544921875,0.0
8.230875909000002,0.11776068213775054,100.8544921875,0.0
8.250680909,-0.10337622067690025,100.8544921875,0.0
8.270587909,0.005563297347964757,100.8544921875,0.0
8.291100909,-0.10531632001255191,100.8544921875,0.0
8.309749909,0.1210185489026713,100.8544921875,0.0
8.330507909000001,0.013396798307075429,100.8544921875,0.0
8.349990908999999,0.005563297347964757,100.8544921875,0.0
8.370026909,0.010138931542154657,100.8544921875,0.0
8.390737909000002,0.0068810647772338815,100.8544921875,0.0
8.410086909,-0.10531632001255191,100.8544921875,0.0
8.430326909000001,0.12295864823832298,100.8544921875,0.0
8.450798909,0.0036231980123131078,100.8544921875,0.0
8.470732908999999,0.008198832206503009,100.8544921875,0.0
8.490419909,0.010138931542154657,100.8544921875,0.0
8.510417909000001,0.010138931542154657,100.8544921875,0.0
8.530477909000002,0.005563297347964757,100.8544921875,0.0
8.549414909,0.12233631633194045,100.8544921875,0.0
8.569212909,0.004940965441582235,100.8544921875,0.0
8.590238909,0.00882116411288553,100.8544921875,0.0
8.610449909,0.12427641566759208,100.8544921875,0.0
8.630595909,0.010138931542154657,100.8544921875,0.0
8.649898909000001,-0.10531632001255191,100.8544921875,0.0
8.670488909,0.01859476440764785,100.8544921875,0.0
8.690167909,0.0068810647772338815,100.8544921875,0.0
8.709836909,0.005563297347964757,100.8544921875,0.0
8.729706909,0.12427641566759208,100.8544921875,0.0
8.749991909000002,0.010138931542154657,100.8544921875,0.0
8.769076908999999,-0.10205845324763115,100.8544921875,0.0
8.789350909,0.00882116411288553,100.8544921875,0.0
8.809377909000002,-0.10205845324763115,100.8544921875,0.0
8.829373909000001,0.019912531836916974,100.8544921875,0.0
8.849977909,0.012079030877806303,100.8544921875,0.0
8.868745909000001,0.008198832206503009,100.8544921875,0.0
8.889008909000001,0.016654665071996203,100.8544921875,0.0
8.909714909000002,-0.10011835391197949,100.8544921875,0.0
8.929607909000001,0.005563297347964757,100.8544921875,0.0
8.948637909000002,0.0068810647772338815,100.8544921875,0.0
8.969462909,0.010138931542154657,100.8544921875,0.0
8.989660909000001,0.12885204986178198,100.8544921875,0.0
9.009440909000002,-0.10205845324763115,100.8544921875,0.0
9.030034909000001,0.012079030877806303,100.8544921875,0.0
9.049574909,0.010138931542154657,100.8544921875,0.0
9.068805909000002,0.010138931542154657,100.8544921875,0.0
9.088841909,0.016654665071996203,100.8544921875,0.0
9.109505909,0.010138931542154657,100.8544921875,0.0
9.128672909000002,0.12559418309686124,100.8544921875,0.0
9.148710909000002,0.12559418309686124,100.8544921875,0.0
9.169321909,0.008198832206503009,100.8544921875,0.0
9.188933909,0.013396798307075429,100.8544921875,0.0
9.209012909000002,0.010138931542154657,100.8544921875,0.0
9.229488909,0.010138931542154657,100.8544921875,0.0
