t_s,q_deg,be_cmd_dps,phase,parameters_hash,reference_origin
0.0,0.0,3.0,steady,9683071ac368b02d3e510713013885035f94ceef17ba42d7601e6bb4c73c9f17,be_cmd
0.02,0.0,3.0,steady,9683071ac368b02d3e510713013885035f94ceef17ba42d7601e6bb4c73c9f17,be_cmd
0.04,0.0,3.0,steady,9683071ac368b02d3e510713013885035f94ceef17ba42d7601e6bb4c73c9f17,be_cmd
0.06,0.0,3.0,steady,9683071ac368b02d3e510713013885035f94ceef17ba42d7601e6bb4c73c9f17,be_cmd
0.08,0.0,3.0,steady,9683071ac368b02d3e510713013885035f94ceef17ba42d7601e6bb4c73c9f17,be_cmd
0.1,0.0,3.0,steady,9683071ac368b02d3e510713013885035f94ceef17ba42d7601e6bb4c73c9f17,be_cmd
0.12,0.0,3.0,steady,9683071ac368b02d3e510713013885035f94ceef17ba42d7601e6bb4c73c9f17,be_cmd
0.14,0.0,3.0,steady,9683071ac368b02d3e510713013885035f94ceef17ba42d7601e6bb4c73c9f17,be_cmd
0.16,0.0,3.0,steady,9683071ac368b02d3e510713013885035f94ceef17ba42d7601e6bb4c73c9f17,be_cmd
0.18,0.0,3.0,steady,9683071ac368b02d3e510713013885035f94ceef17ba42d7601e6bb4c73c9f17,be_cmd
0.2,0.0,3.0,steady,9683071ac368b02d3e510713013885035f94ceef17ba42d7601e6bb4c73c9f17,be_cmd
0.22,0.0,3.0,steady,9683071ac368b02d3e510713013885035f94ceef17ba42d7601e6bb4c73c9f17,be_cmd
0.24,0.0,3.0,steady,9683071ac368b02d3e510713013885035f94ceef17ba42d7601e6bb4c73c9f17,be_cmd
0.26,0.0,3.0,steady,9683071ac368b02d3e510713013885035f94ceef17ba42d7601e6bb4c73c9f17,be_cmd
0.28,0.0,3.0,steady,9683071ac368b02d3e510713013885035f94ceef17ba42d7601e6bb4c73c9f17,be_cmd
0.3,0.0,3.0,steady,9683071ac368b02d3e510713013885035f94ceef17ba42d7601e6bb4c73c9f17,be_cmd
0.32,0.0,3.0,steady,9683071ac368b02d3e510713013885035f94ceef17ba42d7601e6bb4c73c9f17,be_cmd
0.34,0.0,3.0,steady,9683071ac368b02d3e510713013885035f94ceef17ba42d7601e6bb4c73c9f17,be_cmd
0.36,0.0,3.0,steady,9683071ac368b02d3e510713013885035f94ceef17ba42d7601e6bb4c73c9f17,be_cmd
0.38,0.0,3.0,steady,9683071ac368b02d3e510713013885035f94ceef17ba42d7601e6bb4c73c9f17,be_cmd
0.4,0.0,3.0,steady,9683071ac368b02d3e510713013885035f94ceef17ba42d7601e6bb4c73c9f17,be_cmd
0.42,0.0,3.0,steady,9683071ac368b02d3e510713013885035f94ceef17ba42d7601e6bb4c73c9f17,be_cmd
0.44,0.0,3.0,steady,9683071ac368b02d3e510713013885035f94ceef17ba42d7601e6bb4c73c9f17,be_cmd
0.46,0.0,3.0,steady,9683071ac368b02d3e510713013885035f94ceef17ba42d7601e6bb4c73c9f17,be_cmd
0.48,0.0,3.0,steady,9683071ac368b02d3e510713013885035f94ceef17ba42d7601e6bb4c73c9f17,be_cmd
0.5,0.0,3.0,steady,9683071ac368b02d3e510713013885035f94ceef17ba42d7601e6bb4c73c9f17,be_cmd
0.52,0.0,3.0,steady,9683071ac368b02d3e510713013885035f94ceef17ba42d7601e6bb4c73c9f17,be_cmd
0.54,0.0,3.0,steady,9683071ac368b02d3e510713013885035f94ceef17ba42d7601e6bb4c73c9f17,be_cmd
0.56,0.0,3.0,steady,9683071ac368b02d3e510713013885035f94ceef17ba42d7601e6bb4c73c9f17,be_cmd
0.58,0.0,3.0,steady,9683071ac368b02d3e510713013885035f94ceef17ba42d7601e6bb4c73c9f17,be_cmd
0.6,0.0,3.0,steady,9683071ac368b02d3e510713013885035f94ceef17ba42d7601e6bb4c73c9f17,be_cmd
0.62,0.0,3.0,steady,9683071ac368b02d3e510713013885035f94ceef17ba42d7601e6bb4c73c9f17,be_cmd
0.64,0.0,3.0,steady,9683071ac368b02d3e510713013885035f94ceef17ba42d7601e6bb4c73c9f17,be_cmd
0.66,0.0,3.0,steady,9683071ac368b02d3e510713013885035f94ceef17ba42d7601e6bb4c73c9f17,be_cmd
0.68,0.0,3.0,steady,9683071ac368b02d3e510713013885035f94ceef17ba42d7601e6bb4c73c9f17,be_cmd
0.7,0.0,3.0,steady,9683071ac368b02d3e510713013885035f94ceef17ba42d7601e6bb4c73c9f17,be_cmd
0.72,0.0,3.0,steady,9683071ac368b02d3e510713013885035f94ceef17ba42d7601e6bb4c73c9f17,be_cmd
0.74,0.0,3.0,steady,9683071ac368b02d3e510713013885035f94ceef17ba42d7601e6bb4c73c9f17,be_cmd
0.76,0.0,3.0,steady,9683071ac368b02d3e510713013885035f94ceef17ba42d7601e6bb4c73c9f17,be_cmd
0.78,0.0,3.0,steady,9683071ac368b02d3e510713013885035f94ceef17ba42d7601e6bb4c73c9f17,be_cmd
0.8,0.0,3.0,steady,9683071ac368b02d3e510713013885035f94ceef17ba42d7601e6bb4c73c9f17,be_cmd
0.82,0.0,3.0,steady,9683071ac368b02d3e510713013885035f94ceef17ba42d7601e6bb4c73c9f17,be_cmd
0.84,0.0,3.0,steady,9683071ac368b02d3e510713013885035f94ceef17ba42d7601e6bb4c73c9f17,be_cmd
0.86,0.0,3.0,steady,9683071ac368b02d3e510713013885035f94ceef17ba42d7601e6bb4c73c9f17,be_cmd
0.88,0.0,3.0,steady,9683071ac368b02d3e510713013885035f94ceef17ba42d7601e6bb4c73c9f17,be_cmd
0.9,0.0,3.0,steady,9683071ac368b02d3e510713013885035f94ceef17ba42d7601e6bb4c73c9f17,be_cmd
0.92,0.0,3.0,steady,9683071ac368b02d3e510713013885035f94ceef17ba42d7601e6bb4c73c9f17,be_cmd
0.94,0.0,3.0,steady,9683071ac368b02d3e510713013885035f94ceef17ba42d7601e6bb4c73c9f17,be_cmd
0.96,0.0,3.0,steady,9683071ac368b02d3e510713013885035f94ceef17ba42d7601e6bb4c73c9f17,be_cmd
0.98,0.0,3.0,steady,9683071ac368b02d3e510713013885035f94ceef17ba42d7601e6bb4c73c9f17,be_cmd
1.0,0.0,3.0,steady,9683071ac368b02d3e510713013885035f94ceef17ba42d7601e6bb4c73c9f17,be_cmd
1.02,0.0,3.0,steady,9683071ac368b02d3e510713013885035f94ceef17ba42d7601e6bb4c73c9f17,be_cmd
1.04,0.0,3.0,steady,9683071ac368b02d3e510713013885035f94ceef17ba42d7601e6bb4c73c9f17,be_cmd
1.06,0.0,3.0,steady,9683071ac368b02d3e510713013885035f94ceef17ba42d7601e6bb4c73c9f17,be_cmd
1.08,0.0,3.0,steady,9683071ac368b02d3e510713013885035f94ceef17ba42d7601e6bb4c73c9f17,be_cmd
1.1,0.0,3.0,steady,9683071ac368b02d3e510713013885035f94ceef17ba42d7601e6bb4c73c9f17,be_cmd
1.12,0.0,3.0,steady,9683071ac368b02d3e510713013885035f94ceef17ba42d7601e6bb4c73c9f17,be_cmd
1.14,0.0,3.0,steady,9683071ac368b02d3e510713013885035f94ceef17ba42d7601e6bb4c73c9f17,be_cmd
1.16,0.0,3.0,steady,9683071ac368b02d3e510713013885035f94ceef17ba42d7601e6bb4c73c9f17,be_cmd
1.18,0.0,3.0,steady,9683071ac368b02d3e510713013885035f94ceef17ba42d7601e6bb4c73c9f17,be_cmd
1.2,0.0,3.0,steady,9683071ac368b02d3e510713013885035f94ceef17ba42d7601e6bb4c73c9f17,be_cmd
1.22,0.0,3.0,steady,9683071ac368b02d3e510713013885035f94ceef17ba42d7601e6bb4c73c9f17,be_cmd
1.24,0.0,3.0,steady,9683071ac368b02d3e510713013885035f94ceef17ba42d7601e6bb4c73c9f17,be_cmd
1.26,0.0,3.0,steady,9683071ac368b02d3e510713013885035f94ceef17ba42d7601e6bb4c73c9f17,be_cmd
1.28,0.0,3.0,steady,9683071ac368b02d3e510713013885035f94ceef17ba42d7601e6bb4c73c9f17,be_cmd
1.3,0.0,3.0,steady,9683071ac368b02d3e510713013885035f94ceef17ba42d7601e6bb4c73c9f17,be_cmd
1.32,0.0,3.0,steady,9683071ac368b02d3e510713013885035f94ceef17ba42d7601e6bb4c73c9f17,be_cmd
1.34,0.0,3.0,steady,9683071ac368b02d3e510713013885035f94ceef17ba42d7601e6bb4c73c9f17,be_cmd
1.36,0.0,3.0,steady,9683071ac368b02d3e510713013885035f94ceef17ba42d7601e6bb4c73c9f17,be_cmd
1.38,0.0,3.0,steady,9683071ac368b02d3e510713013885035f94ceef17ba42d7601e6bb4c73c9f17,be_cmd
1.4,0.0,3.0,steady,9683071ac368b02d3e510713013885035f94ceef17ba42d7601e6bb4c73c9f17,be_cmd
1.42,0.0,3.0,steady,9683071ac368b02d3e510713013885035f94ceef17ba42d7601e6bb4c73c9f17,be_cmd
1.44,0.0,3.0,steady,9683071ac368b02d3e510713013885035f94ceef17ba42d7601e6bb4c73c9f17,be_cmd
1.46,0.0,3.0,steady,9683071ac368b02d3e510713013885035f94ceef17ba42d7601e6bb4c73c9f17,be_cmd
1.48,0.0,3.0,steady,9683071ac368b02d3e510713013885035f94ceef17ba42d7601e6bb4c73c9f17,be_cmd
1.5,0.0,3.0,steady,9683071ac368b02d3e510713013885035f94ceef17ba42d7601e6bb4c73c9f17,be_cmd
1.52,0.0,3.0,steady,9683071ac368b02d3e510713013885035f94ceef17ba42d7601e6bb4c73c9f17,be_cmd
1.54,0.0,3.0,steady,9683071ac368b02d3e510713013885035f94ceef17ba42d7601e6bb4c73c9f17,be_cmd
1.56,0.0,3.0,steady,9683071ac368b02d3e510713013885035f94ceef17ba42d7601e6bb4c73c9f17,be_cmd
1.58,0.0,3.0,steady,9683071ac368b02d3e510713013885035f94ceef17ba42d7601e6bb4c73c9f17,be_cmd
1.6,0.0,3.0,steady,9683071ac368b02d3e510713013885035f94ceef17ba42d7601e6bb4c73c9f17,be_cmd
1.62,0.0,3.0,steady,9683071ac368b02d3e510713013885035f94ceef17ba42d7601e6bb4c73c9f17,be_cmd
1.64,0.0,3.0,steady,9683071ac368b02d3e510713013885035f94ceef17ba42d7601e6bb4c73c9f17,be_cmd
1.66,0.0,3.0,steady,9683071ac368b02d3e510713013885035f94ceef17ba42d7601e6bb4c73c9f17,be_cmd
1.68,0.0,3.0,steady,9683071ac368b02d3e510713013885035f94ceef17ba42d7601e6bb4c73c9f17,be_cmd
1.7,0.0,3.0,steady,9683071ac368b02d3e510713013885035f94ceef17ba42d7601e6bb4c73c9f17,be_cmd
1.72,0.0,3.0,steady,9683071ac368b02d3e510713013885035f94ceef17ba42d7601e6bb4c73c9f17,be_cmd
1.74,0.0,3.0,steady,9683071ac368b02d3e510713013885035f94ceef17ba42d7601e6bb4c73c9f17,be_cmd
1.76,0.0,3.0,steady,9683071ac368b02d3e510713013885035f94ceef17ba42d7601e6bb4c73c9f17,be_cmd
1.78,0.0,3.0,steady,9683071ac368b02d3e510713013885035f94ceef17ba42d7601e6bb4c73c9f17,be_cmd
1.8,0.0,3.0,steady,9683071ac368b02d3e510713013885035f94ceef17ba42d7601e6bb4c73c9f17,be_cmd
1.82,0.0,3.0,steady,9683071ac368b02d3e510713013885035f94ceef17ba42d7601e6bb4c73c9f17,be_cmd
1.84,0.0,3.0,steady,9683071ac368b02d3e510713013885035f94ceef17ba42d7601e6bb4c73c9f17,be_cmd
1.86,0.0,3.0,steady,9683071ac368b02d3e510713013885035f94ceef17ba42d7601e6bb4c73c9f17,be_cmd
1.88,0.0,3.0,steady,9683071ac368b02d3e510713013885035f94ceef17ba42d7601e6bb4c73c9f17,be_cmd
1.9,0.0,3.0,steady,9683071ac368b02d3e510713013885035f94ceef17ba42d7601e6bb4c73c9f17,be_cmd
1.92,0.0,3.0,steady,9683071ac368b02d3e510713013885035f94ceef17ba42d7601e6bb4c73c9f17,be_cmd
1.94,0.0,3.0,steady,9683071ac368b02d3e510713013885035f94ceef17ba42d7601e6bb4c73c9f17,be_cmd
1.96,0.0,3.0,steady,9683071ac368b02d3e510713013885035f94ceef17ba42d7601e6bb4c73c9f17,be_cmd
1.98,0.0,3.0,steady,9683071ac368b02d3e510713013885035f94ceef17ba42d7601e6bb4c73c9f17,be_cmd
2.0,0.0,3.0,steady,9683071ac368b02d3e510713013885035f94ceef17ba42d7601e6bb4c73c9f17,be_cmd
2.02,0.0,3.0,steady,9683071ac368b02d3e510713013885035f94ceef17ba42d7601e6bb4c73c9f17,be_cmd
2.04,0.0,3.0,steady,9683071ac368b02d3e510713013885035f94ceef17ba42d7601e6bb4c73c9f17,be_cmd
2.06,0.0,3.0,steady,9683071ac368b02d3e510713013885035f94ceef17ba42d7601e6bb4c73c9f17,be_cmd
2.08,0.0,3.0,steady,9683071ac368b02d3e510713013885035f94ceef17ba42d7601e6bb4c73c9f17,be_cmd
2.1,0.0,3.0,steady,9683071ac368b02d3e510713013885035f94ceef17ba42d7601e6bb4c73c9f17,be_cmd
2.12,0.0,3.0,steady,9683071ac368b02d3e510713013885035f94ceef17ba42d7601e6bb4c73c9f17,be_cmd
2.14,0.0,3.0,steady,9683071ac368b02d3e510713013885035f94ceef17ba42d7601e6bb4c73c9f17,be_cmd
2.16,0.0,3.0,steady,9683071ac368b02d3e510713013885035f94ceef17ba42d7601e6bb4c73c9f17,be_cmd
2.18,0.0,3.0,steady,9683071ac368b02d3e510713013885035f94ceef17ba42d7601e6bb4c73c9f17,be_cmd
2.2,0.0,3.0,steady,9683071ac368b02d3e510713013885035f94ceef17ba42d7601e6bb4c73c9f17,be_cmd
2.22,0.0,3.0,steady,9683071ac368b02d3e510713013885035f94ceef17ba42d7601e6bb4c73c9f17,be_cmd
2.24,0.0,3.0,steady,9683071ac368b02d3e510713013885035f94ceef17ba42d7601e6bb4c73c9f17,be_cmd
2.26,0.0,3.0,steady,9683071ac368b02d3e510713013885035f94ceef17ba42d7601e6bb4c73c9f17,be_cmd
2.28,0.0,3.0,steady,9683071ac368b02d3e510713013885035f94ceef17ba42d7601e6bb4c73c9f17,be_cmd
2.3,0.0,3.0,steady,9683071ac368b02d3e510713013885035f94ceef17ba42d7601e6bb4c73c9f17,be_cmd
2.32,0.0,3.0,steady,9683071ac368b02d3e510713013885035f94ceef17ba42d7601e6bb4c73c9f17,be_cmd
2.34,0.0,3.0,steady,9683071ac368b02d3e510713013885035f94ceef17ba42d7601e6bb4c73c9f17,be_cmd
2.36,0.0,3.0,steady,9683071ac368b02d3e510713013885035f94ceef17ba42d7601e6bb4c73c9f17,be_cmd
2.38,0.0,3.0,steady,9683071ac368b02d3e510713013885035f94ceef17ba42d7601e6bb4c73c9f17,be_cmd
2.4,0.0,3.0,steady,9683071ac368b02d3e510713013885035f94ceef17ba42d7601e6bb4c73c9f17,be_cmd
2.42,0.0,3.0,steady,9683071ac368b02d3e510713013885035f94ceef17ba42d7601e6bb4c73c9f17,be_cmd
2.44,0.0,3.0,steady,9683071ac368b02d3e510713013885035f94ceef17ba42d7601e6bb4c73c9f17,be_cmd
2.46,0.0,3.0,steady,9683071ac368b02d3e510713013885035f94ceef17ba42d7601e6bb4c73c9f17,be_cmd
2.48,0.0,3.0,steady,9683071ac368b02d3e510713013885035f94ceef17ba42d7601e6bb4c73c9f17,be_cmd
2.5,0.0,3.0,steady,9683071ac368b02d3e510713013885035f94ceef17ba42d7601e6bb4c73c9f17,be_cmd
2.52,0.0,3.0,steady,9683071ac368b02d3e510713013885035f94ceef17ba42d7601e6bb4c73c9f17,be_cmd
2.54,0.0,3.0,steady,9683071ac368b02d3e510713013885035f94ceef17ba42d7601e6bb4c73c9f17,be_cmd
2.56,0.0,3.0,steady,9683071ac368b02d3e510713013885035f94ceef17ba42d7601e6bb4c73c9f17,be_cmd
2.58,0.0,3.0,steady,9683071ac368b02d3e510713013885035f94ceef17ba42d7601e6bb4c73c9f17,be_cmd
2.6,0.0,3.0,steady,9683071ac368b02d3e510713013885035f94ceef17ba42d7601e6bb4c73c9f17,be_cmd
2.62,0.0,3.0,steady,9683071ac368b02d3e510713013885035f94ceef17ba42d7601e6bb4c73c9f17,be_cmd
2.64,0.0,3.0,steady,9683071ac368b02d3e510713013885035f94ceef17ba42d7601e6bb4c73c9f17,be_cmd
2.66,0.0,3.0,steady,9683071ac368b02d3e510713013885035f94ceef17ba42d7601e6bb4c73c9f17,be_cmd
2.68,0.0,3.0,steady,9683071ac368b02d3e510713013885035f94ceef17ba42d7601e6bb4c73c9f17,be_cmd
2.7,0.0,3.0,steady,9683071ac368b02d3e510713013885035f94ceef17ba42d7601e6bb4c73c9f17,be_cmd
2.72,0.0,3.0,steady,9683071ac368b02d3e510713013885035f94ceef17ba42d7601e6bb4c73c9f17,be_cmd
2.74,0.0,3.0,steady,9683071ac368b02d3e510713013885035f94ceef17ba42d7601e6bb4c73c9f17,be_cmd
2.76,0.0,3.0,steady,9683071ac368b02d3e510713013885035f94ceef17ba42d7601e6bb4c73c9f17,be_cmd
2.78,0.0,3.0,steady,9683071ac368b02d3e510713013885035f94ceef17ba42d7601e6bb4c73c9f17,be_cmd
2.8,0.0,3.0,steady,9683071ac368b02d3e510713013885035f94ceef17ba42d7601e6bb4c73c9f17,be_cmd
2.82,0.0,3.0,steady,9683071ac368b02d3e510713013885035f94ceef17ba42d7601e6bb4c73c9f17,be_cmd
2.84,0.0,3.0,steady,9683071ac368b02d3e510713013885035f94ceef17ba42d7601e6bb4c73c9f17,be_cmd
2.86,0.0,3.0,steady,9683071ac368b02d3e510713013885035f94ceef17ba42d7601e6bb4c73c9f17,be_cmd
2.88,0.0,3.0,steady,9683071ac368b02d3e510713013885035f94ceef17ba42d7601e6bb4c73c9f17,be_cmd
2.9,0.0,3.0,steady,9683071ac368b02d3e510713013885035f94ceef17ba42d7601e6bb4c73c9f17,be_cmd
2.92,0.0,3.0,steady,9683071ac368b02d3e510713013885035f94ceef17ba42d7601e6bb4c73c9f17,be_cmd
2.94,0.0,3.0,steady,9683071ac368b02d3e510713013885035f94ceef17ba42d7601e6bb4c73c9f17,be_cmd
2.96,0.0,3.0,steady,9683071ac368b02d3e510713013885035f94ceef17ba42d7601e6bb4c73c9f17,be_cmd
2.98,0.0,3.0,steady,9683071ac368b02d3e510713013885035f94ceef17ba42d7601e6bb4c73c9f17,be_cmd
3.0,0.0,3.0,steady,9683071ac368b02d3e510713013885035f94ceef17ba42d7601e6bb4c73c9f17,be_cmd
3.02,0.0,0.0,hold,9683071ac368b02d3e510713013885035f94ceef17ba42d7601e6bb4c73c9f17,be_cmd
3.04,0.0,0.0,hold,9683071ac368b02d3e510713013885035f94ceef17ba42d7601e6bb4c73c9f17,be_cmd
3.06,0.0,0.0,hold,9683071ac368b02d3e510713013885035f94ceef17ba42d7601e6bb4c73c9f17,be_cmd
3.08,0.0,0.0,hold,9683071ac368b02d3e510713013885035f94ceef17ba42d7601e6bb4c73c9f17,be_cmd
3.1,0.0,0.0,hold,9683071ac368b02d3e510713013885035f94ceef17ba42d7601e6bb4c73c9f17,be_cmd
3.12,0.0,0.0,hold,9683071ac368b02d3e510713013885035f94ceef17ba42d7601e6bb4c73c9f17,be_cmd
3.14,0.0,0.0,hold,9683071ac368b02d3e510713013885035f94ceef17ba42d7601e6bb4c73c9f17,be_cmd
3.16,0.0,0.0,hold,9683071ac368b02d3e510713013885035f94ceef17ba42d7601e6bb4c73c9f17,be_cmd
3.18,0.0,0.0,hold,9683071ac368b02d3e510713013885035f94ceef17ba42d7601e6bb4c73c9f17,be_cmd
3.2,0.0,0.0,hold,9683071ac368b02d3e510713013885035f94ceef17ba42d7601e6bb4c73c9f17,be_cmd
3.22,0.0,0.0,hold,9683071ac368b02d3e510713013885035f94ceef17ba42d7601e6bb4c73c9f17,be_cmd
3.24,0.0,0.0,hold,9683071ac368b02d3e510713013885035f94ceef17ba42d7601e6bb4c73c9f17,be_cmd
3.26,0.0,0.0,hold,9683071ac368b02d3e510713013885035f94ceef17ba42d7601e6bb4c73c9f17,be_cmd
3.28,0.0,0.0,hold,9683071ac368b02d3e510713013885035f94ceef17ba42d7601e6bb4c73c9f17,be_cmd
3.3,0.0,0.0,hold,9683071ac368b02d3e510713013885035f94ceef17ba42d7601e6bb4c73c9f17,be_cmd
3.32,0.0,0.0,hold,9683071ac368b02d3e510713013885035f94ceef17ba42d7601e6bb4c73c9f17,be_cmd
3.34,0.0,0.0,hold,9683071ac368b02d3e510713013885035f94ceef17ba42d7601e6bb4c73c9f17,be_cmd
3.36,0.0,0.0,hold,9683071ac368b02d3e510713013885035f94ceef17ba42d7601e6bb4c73c9f17,be_cmd
3.38,0.0,0.0,hold,9683071ac368b02d3e510713013885035f94ceef17ba42d7601e6bb4c73c9f17,be_cmd
3.4,0.0,0.0,hold,9683071ac368b02d3e510713013885035f94ceef17ba42d7601e6bb4c73c9f17,be_cmd
3.42,0.0,0.0,hold,9683071ac368b02d3e510713013885035f94ceef17ba42d7601e6bb4c73c9f17,be_cmd
3.44,0.0,0.0,hold,9683071ac368b02d3e510713013885035f94ceef17ba42d7601e6bb4c73c9f17,be_cmd
3.46,0.0,0.0,hold,9683071ac368b02d3e510713013885035f94ceef17ba42d7601e6bb4c73c9f17,be_cmd
3.48,0.0,0.0,hold,9683071ac368b02d3e510713013885035f94ceef17ba42d7601e6bb4c73c9f17,be_cmd
3.5,0.0,0.0,hold,9683071ac368b02d3e510713013885035f94ceef17ba42d7601e6bb4c73c9f17,be_cmd
3.52,0.0,0.0,hold,9683071ac368b02d3e510713013885035f94ceef17ba42d7601e6bb4c73c9f17,be_cmd
3.54,0.0,0.0,hold,9683071ac368b02d3e510713013885035f94ceef17ba42d7601e6bb4c73c9f17,be_cmd
3.56,0.0,0.0,hold,9683071ac368b02d3e510713013885035f94ceef17ba42d7601e6bb4c73c9f17,be_cmd
3.58,0.0,0.0,hold,9683071ac368b02d3e510713013885035f94ceef17ba42d7601e6bb4c73c9f17,be_cmd
3.6,0.0,0.0,hold,9683071ac368b02d3e510713013885035f94ceef17ba42d7601e6bb4c73c9f17,be_cmd
3.62,0.0,0.0,hold,9683071ac368b02d3e510713013885035f94ceef17ba42d7601e6bb4c73c9f17,be_cmd
3.64,0.0,0.0,hold,9683071ac368b02d3e510713013885035f94ceef17ba42d7601e6bb4c73c9f17,be_cmd
3.66,0.0,0.0,hold,9683071ac368b02d3e510713013885035f94ceef17ba42d7601e6bb4c73c9f17,be_cmd
3.68,0.0,0.0,hold,9683071ac368b02d3e510713013885035f94ceef17ba42d7601e6bb4c73c9f17,be_cmd
3.7,0.0,0.0,hold,9683071ac368b02d3e510713013885035f94ceef17ba42d7601e6bb4c73c9f17,be_cmd
3.72,0.0,0.0,hold,9683071ac368b02d3e510713013885035f94ceef17ba42d7601e6bb4c73c9f17,be_cmd
3.74,0.0,0.0,hold,9683071ac368b02d3e510713013885035f94ceef17ba42d7601e6bb4c73c9f17,be_cmd
3.76,0.0,0.0,hold,9683071ac368b02d3e510713013885035f94ceef17ba42d7601e6bb4c73c9f17,be_cmd
3.78,0.0,0.0,hold,9683071ac368b02d3e510713013885035f94ceef17ba42d7601e6bb4c73c9f17,be_cmd
3.8,0.0,0.0,hold,9683071ac368b02d3e510713013885035f94ceef17ba42d7601e6bb4c73c9f17,be_cmd
3.82,0.0,0.0,hold,9683071ac368b02d3e510713013885035f94ceef17ba42d7601e6bb4c73c9f17,be_cmd
3.84,0.0,0.0,hold,9683071ac368b02d3e510713013885035f94ceef17ba42d7601e6bb4c73c9f17,be_cmd
3.86,0.0,0.0,hold,9683071ac368b02d3e510713013885035f94ceef17ba42d7601e6bb4c73c9f17,be_cmd
3.88,0.0,0.0,hold,9683071ac368b02d3e510713013885035f94ceef17ba42d7601e6bb4c73c9f17,be_cmd
3.9,0.0,0.0,hold,9683071ac368b02d3e510713013885035f94ceef17ba42d7601e6bb4c73c9f17,be_cmd
3.92,0.0,0.0,hold,9683071ac368b02d3e510713013885035f94ceef17ba42d7601e6bb4c73c9f17,be_cmd
3.94,0.0,0.0,hold,9683071ac368b02d3e510713013885035f94ceef17ba42d7601e6bb4c73c9f17,be_cmd
3.96,0.0,0.0,hold,9683071ac368b02d3e510713013885035f94ceef17ba42d7601e6bb4c73c9f17,be_cmd
3.98,0.0,0.0,hold,9683071ac368b02d3e510713013885035f94ceef17ba42d7601e6bb4c73c9f17,be_cmd
4.0,0.0,0.0,hold,9683071ac368b02d3e510713013885035f94ceef17ba42d7601e6bb4c73c9f17,be_cmd
4.02,0.0,0.0,hold,9683071ac368b02d3e510713013885035f94ceef17ba42d7601e6bb4c73c9f17,be_cmd
4.04,0.0,0.0,hold,9683071ac368b02d3e510713013885035f94ceef17ba42d7601e6bb4c73c9f17,be_cmd
4.06,0.0,0.0,hold,9683071ac368b02d3e510713013885035f94ceef17ba42d7601e6bb4c73c9f17,be_cmd
4.08,0.0,0.0,hold,9683071ac368b02d3e510713013885035f94ceef17ba42d7601e6bb4c73c9f17,be_cmd
4.1,0.0,0.0,hold,9683071ac368b02d3e510713013885035f94ceef17ba42d7601e6bb4c73c9f17,be_cmd
4.12,0.0,0.0,hold,9683071ac368b02d3e510713013885035f94ceef17ba42d7601e6bb4c73c9f17,be_cmd
4.14,0.0,0.0,hold,9683071ac368b02d3e510713013885035f94ceef17ba42d7601e6bb4c73c9f17,be_cmd
4.16,0.0,0.0,hold,9683071ac368b02d3e510713013885035f94ceef17ba42d7601e6bb4c73c9f17,be_cmd
4.18,0.0,0.0,hold,9683071ac368b02d3e510713013885035f94ceef17ba42d7601e6bb4c73c9f17,be_cmd
4.2,0.0,0.0,hold,9683071ac368b02d3e510713013885035f94ceef17ba42d7601e6bb4c73c9f17,be_cmd
4.22,0.0,0.0,hold,9683071ac368b02d3e510713013885035f94ceef17ba42d7601e6bb4c73c9f17,be_cmd
4.24,0.0,0.0,hold,9683071ac368b02d3e510713013885035f94ceef17ba42d7601e6bb4c73c9f17,be_cmd
4.26,0.0,0.0,hold,9683071ac368b02d3e510713013885035f94ceef17ba42d7601e6bb4c73c9f17,be_cmd
4.28,0.0,0.0,hold,9683071ac368b02d3e510713013885035f94ceef17ba42d7601e6bb4c73c9f17,be_cmd
4.3,0.0,0.0,hold,9683071ac368b02d3e510713013885035f94ceef17ba42d7601e6bb4c73c9f17,be_cmd
4.32,0.0,0.0,hold,9683071ac368b02d3e510713013885035f94ceef17ba42d7601e6bb4c73c9f17,be_cmd
4.34,0.0,0.0,hold,9683071ac368b02d3e510713013885035f94ceef17ba42d7601e6bb4c73c9f17,be_cmd
4.36,0.0,0.0,hold,9683071ac368b02d3e510713013885035f94ceef17ba42d7601e6bb4c73c9f17,be_cmd
4.38,0.0,0.0,hold,9683071ac368b02d3e510713013885035f94ceef17ba42d7601e6bb4c73c9f17,be_cmd
4.4,0.0,0.0,hold,9683071ac368b02d3e510713013885035f94ceef17ba42d7601e6bb4c73c9f17,be_cmd
4.42,0.0,0.0,hold,9683071ac368b02d3e510713013885035f94ceef17ba42d7601e6bb4c73c9f17,be_cmd
4.44,0.0,0.0,hold,9683071ac368b02d3e510713013885035f94ceef17ba42d7601e6bb4c73c9f17,be_cmd
4.46,0.0,0.0,hold,9683071ac368b02d3e510713013885035f94ceef17ba42d7601e6bb4c73c9f17,be_cmd
4.48,0.0,0.0,hold,9683071ac368b02d3e510713013885035f94ceef17ba42d7601e6bb4c73c9f17,be_cmd
4.5,0.0,0.0,hold,9683071ac368b02d3e510713013885035f94ceef17ba42d7601e6bb4c73c9f17,be_cmd
4.52,0.0,0.0,hold,9683071ac368b02d3e510713013885035f94ceef17ba42d7601e6bb4c73c9f17,be_cmd
4.54,0.0,0.0,hold,9683071ac368b02d3e510713013885035f94ceef17ba42d7601e6bb4c73c9f17,be_cmd
4.56,0.0,0.0,hold,9683071ac368b02d3e510713013885035f94ceef17ba42d7601e6bb4c73c9f17,be_cmd
4.58,0.0,0.0,hold,9683071ac368b02d3e510713013885035f94ceef17ba42d7601e6bb4c73c9f17,be_cmd
4.6,0.0,0.0,hold,9683071ac368b02d3e510713013885035f94ceef17ba42d7601e6bb4c73c9f17,be_cmd
4.62,0.0,0.0,hold,9683071ac368b02d3e510713013885035f94ceef17ba42d7601e6bb4c73c9f17,be_cmd
4.64,0.0,0.0,hold,9683071ac368b02d3e510713013885035f94ceef17ba42d7601e6bb4c73c9f17,be_cmd
4.66,0.0,0.0,hold,9683071ac368b02d3e510713013885035f94ceef17ba42d7601e6bb4c73c9f17,be_cmd
4.68,0.0,0.0,hold,9683071ac368b02d3e510713013885035f94ceef17ba42d7601e6bb4c73c9f17,be_cmd
4.7,0.0,0.0,hold,9683071ac368b02d3e510713013885035f94ceef17ba42d7601e6bb4c73c9f17,be_cmd
4.72,0.0,0.0,hold,9683071ac368b02d3e510713013885035f94ceef17ba42d7601e6bb4c73c9f17,be_cmd
4.74,0.0,0.0,hold,9683071ac368b02d3e510713013885035f94ceef17ba42d7601e6bb4c73c9f17,be_cmd
4.76,0.0,0.0,hold,9683071ac368b02d3e510713013885035f94ceef17ba42d7601e6bb4c73c9f17,be_cmd
4.78,0.0,0.0,hold,9683071ac368b02d3e510713013885035f94ceef17ba42d7601e6bb4c73c9f17,be_cmd
4.8,0.0,0.0,hold,9683071ac368b02d3e510713013885035f94ceef17ba42d7601e6bb4c73c9f17,be_cmd
4.82,0.0,0.0,hold,9683071ac368b02d3e510713013885035f94ceef17ba42d7601e6bb4c73c9f17,be_cmd
4.84,0.0,0.0,hold,9683071ac368b02d3e510713013885035f94ceef17ba42d7601e6bb4c73c9f17,be_cmd
4.86,0.0,0.0,hold,9683071ac368b02d3e510713013885035f94ceef17ba42d7601e6bb4c73c9f17,be_cmd
4.88,0.0,0.0,hold,9683071ac368b02d3e510713013885035f94ceef17ba42d7601e6bb4c73c9f17,be_cmd
4.9,0.0,0.0,hold,9683071ac368b02d3e510713013885035f94ceef17ba42d7601e6bb4c73c9f17,be_cmd
4.92,0.0,0.0,hold,9683071ac368b02d3e510713013885035f94ceef17ba42d7601e6bb4c73c9f17,be_cmd
4.94,0.0,0.0,hold,9683071ac368b02d3e510713013885035f94ceef17ba42d7601e6bb4c73c9f17,be_cmd
4.96,0.0,0.0,hold,9683071ac368b02d3e510713013885035f94ceef17ba42d7601e6bb4c73c9f17,be_cmd
4.98,0.0,0.0,hold,9683071ac368b02d3e510713013885035f94ceef17ba42d7601e6bb4c73c9f17,be_cmd
5.0,0.0,0.0,hold,9683071ac368b02d3e510713013885035f94ceef17ba42d7601e6bb4c73c9f17,be_cmd
5.02,0.0,0.0,hold,9683071ac368b02d3e510713013885035f94ceef17ba42d7601e6bb4c73c9f17,be_cmd
5.04,0.0,0.0,hold,9683071ac368b02d3e510713013885035f94ceef17ba42d7601e6bb4c73c9f17,be_cmd
5.06,0.0,0.0,hold,9683071ac368b02d3e510713013885035f94ceef17ba42d7601e6bb4c73c9f17,be_cmd
5.08,0.0,0.0,hold,9683071ac368b02d3e510713013885035f94ceef17ba42d7601e6bb4c73c9f17,be_cmd
5.1,0.0,0.0,hold,9683071ac368b02d3e510713013885035f94ceef17ba42d7601e6bb4c73c9f17,be_cmd
5.12,0.0,0.0,hold,9683071ac368b02d3e510713013885035f94ceef17ba42d7601e6bb4c73c9f17,be_cmd
5.14,0.0,0.0,hold,9683071ac368b02d3e510713013885035f94ceef17ba42d7601e6bb4c73c9f17,be_cmd
5.16,0.0,0.0,hold,9683071ac368b02d3e510713013885035f94ceef17ba42d7601e6bb4c73c9f17,be_cmd
5.18,0.0,0.0,hold,9683071ac368b02d3e510713013885035f94ceef17ba42d7601e6bb4c73c9f17,be_cmd
5.2,0.0,0.0,hold,9683071ac368b02d3e510713013885035f94ceef17ba42d7601e6bb4c73c9f17,be_cmd
5.22,0.0,0.0,hold,9683071ac368b02d3e510713013885035f94ceef17ba42d7601e6bb4c73c9f17,be_cmd
5.24,0.0,0.0,hold,9683071ac368b02d3e510713013885035f94ceef17ba42d7601e6bb4c73c9f17,be_cmd
5.26,0.0,0.0,hold,9683071ac368b02d3e510713013885035f94ceef17ba42d7601e6bb4c73c9f17,be_cmd
5.28,0.0,0.0,hold,9683071ac368b02d3e510713013885035f94ceef17ba42d7601e6bb4c73c9f17,be_cmd
5.3,0.0,0.0,hold,9683071ac368b02d3e510713013885035f94ceef17ba42d7601e6bb4c73c9f17,be_cmd
5.32,0.0,0.0,hold,9683071ac368b02d3e510713013885035f94ceef17ba42d7601e6bb4c73c9f17,be_cmd
5.34,0.0,0.0,hold,9683071ac368b02d3e510713013885035f94ceef17ba42d7601e6bb4c73c9f17,be_cmd
5.36,0.0,0.0,hold,9683071ac368b02d3e510713013885035f94ceef17ba42d7601e6bb4c73c9f17,be_cmd
5.38,0.0,0.0,hold,9683071ac368b02d3e510713013885035f94ceef17ba42d7601e6bb4c73c9f17,be_cmd
5.4,0.0,0.0,hold,9683071ac368b02d3e510713013885035f94ceef17ba42d7601e6bb4c73c9f17,be_cmd
5.42,0.0,0.0,hold,9683071ac368b02d3e510713013885035f94ceef17ba42d7601e6bb4c73c9f17,be_cmd
5.44,0.0,0.0,hold,9683071ac368b02d3e510713013885035f94ceef17ba42d7601e6bb4c73c9f17,be_cmd
5.46,0.0,0.0,hold,9683071ac368b02d3e510713013885035f94ceef17ba42d7601e6bb4c73c9f17,be_cmd
5.48,0.0,0.0,hold,9683071ac368b02d3e510713013885035f94ceef17ba42d7601e6bb4c73c9f17,be_cmd
5.5,0.0,0.0,hold,9683071ac368b02d3e510713013885035f94ceef17ba42d7601e6bb4c73c9f17,be_cmd
5.52,0.0,0.0,hold,9683071ac368b02d3e510713013885035f94ceef17ba42d7601e6bb4c73c9f17,be_cmd
