0.0,1.2541526535897933,-0.3598573267948967,0.000557749,0.0228604,1.27661,-0.378233
0.065805818,1.254162653589793,-0.35708132679489657,0.000517292,0.0250093,1.27661,-0.377852
0.131553043,1.2569626535897935,-0.3573183267948966,0.00546786,0.0218747,1.27432,-0.37747
0.197324397,1.2550926535897933,-0.35654032679489667,0.00152298,0.0206602,1.27165,-0.376326
0.263059992,1.2567926535897929,-0.3558153267948966,0.0043427,0.0194735,1.26898,-0.375563
0.32884681000000004,1.259062653589793,-0.3556603267948967,0.00783301,0.0175788,1.26364,-0.374037
0.39458910900000005,1.257542653589793,-0.3607073267948965,0.00410888,0.0073351,1.25982,-0.370985
0.465635942,1.2558926535897932,-0.3630323267948966,0.000986699,0.00275056,1.25525,-0.364118
0.5314174260000001,1.2563826535897933,-0.3632663267948967,0.00172139,0.00206831,1.25258,-0.359922
0.597189374,1.252822653589793,-0.3632373267948966,-0.00464875,0.00184511,1.25067,-0.356489
0.662948839,1.2408226535897926,-0.36393832679489646,-0.0244694,0.000429946,1.24914,-0.3542
0.728683119,1.2378126535897938,-0.36604932679489666,-0.0269074,-0.00299305,1.24762,-0.352674
0.794479178,1.233632653589793,-0.36742032679489645,-0.0310316,-0.00492177,1.24609,-0.351911
0.8602269400000001,1.2234626535897934,-0.3676453267948966,-0.0449763,-0.0048369,1.24533,-0.350767
0.925945738,1.2212126535897934,-0.3652553267948967,-0.0437436,-0.000385956,1.24495,-0.350767
0.991816408,1.2165226535897933,-0.3641433267948967,-0.0467921,0.00145192,1.24418,-0.350767
1.05760143,1.2170626535897933,-0.3623803267948965,-0.040766,0.00410246,1.24151,-0.350767
1.1233804330000001,1.2129726535897927,-0.3627263267948967,-0.0428723,0.0031977,1.23808,-0.351148
1.1891203240000001,1.2166526535897928,-0.35980232679489654,-0.0319598,0.00766303,1.23388,-0.352674
1.2599441930000002,1.2184026535897932,-0.35641632679489665,-0.0251841,0.0122631,1.22778,-0.355726
1.325707196,1.2188626535897935,-0.35881732679489653,-0.0218336,0.00726132,1.22206,-0.357252
1.391461198,1.224762653589793,-0.36016532679489666,-0.00939618,0.00430082,1.21481,-0.358015
1.457272794,1.2308126535897932,-0.36088632679489663,0.00170926,0.00270078,1.2087,-0.359159
1.5230027780000002,1.2298726535897933,-0.3606463267948966,7.1051e-05,0.00289768,1.20146,-0.359922
1.588784003,1.2310826535897927,-0.36128932679489656,0.00199611,0.00144006,1.19497,-0.359922
1.6545307280000001,1.2312826535897932,-0.3640003267948967,0.00202153,-0.00312489,1.18849,-0.360303
1.7203140090000002,1.2320426535897928,-0.36302332679489646,0.0030851,-0.00121828,1.18544,-0.359922
1.7860855670000002,1.2289226535897928,-0.36632332679489654,-0.00231741,-0.0063951,1.18391,-0.359922
1.851845921,1.2230326535897929,-0.3709783267948966,-0.0120179,-0.0131237,1.18391,-0.358777
1.9176263690000002,1.2248726535897934,-0.37213332679489664,-0.00762158,-0.0135899,1.18391,-0.35687
1.9884397010000001,1.2263026535897934,-0.37409632679489657,-0.00452729,-0.0150265,1.18391,-0.355344
2.054522891,1.2321826535897928,-0.3694883267948966,0.00584374,-0.00613212,1.18391,-0.355726
2.120256486,1.2341126535897926,-0.36622732679489667,0.00844787,-0.000399006,1.18467,-0.356107
2.1860469890000003,1.2313226535897934,-0.36655432679489663,0.00269135,-0.000888028,1.18658,-0.356489
2.251812955,1.2330626535897924,-0.36569532679489647,0.00536103,0.000607275,1.18925,-0.357252
2.317561735,1.2326526535897937,-0.3666873267948966,0.00409049,-0.00106062,1.1923,-0.357633
2.383313941,1.2333326535897928,-0.36614232679489656,0.00477494,-8.29485e-05,1.19688,-0.358396
2.449055629,1.240152653589793,-0.3630173267948965,0.0154389,0.00465528,1.20336,-0.359922
2.514830336,1.2440826535897926,-0.36208032679489655,0.0203468,0.00576379,1.21061,-0.359922
2.580574098,1.2393226535897934,-0.36140032679489653,0.0100777,0.00635654,1.22015,-0.359922
2.646365952,1.224882653589793,-0.3647303267948966,-0.0160238,6.586e-05,1.22931,-0.360303
2.7121882150000003,1.2239826535897933,-0.36268232679489654,-0.0157634,0.00337905,1.23808,-0.360685
2.777941273,1.2217326535897932,-0.36443132679489654,-0.0178173,0.000234446,1.24456,-0.360303
2.848752198,1.216482653589793,-0.3629673267948966,-0.0242984,0.00248891,1.25105,-0.360303
2.9144826260000003,1.2175026535897935,-0.3670553267948965,-0.0199352,-0.00407812,1.25563,-0.360303
2.9802742400000004,1.2153026535897933,-0.3668973267948966,-0.0214384,-0.00338899,1.25792,-0.360303
3.0460104840000004,1.2167526535897926,-0.3678473267948966,-0.0167776,-0.00445228,1.25906,-0.360303
3.111835654,1.2149426535897927,-0.3686693267948965,-0.0181084,-0.00541164,1.25982,-0.359922
3.17762236,1.2152426535897938,-0.36995632679489654,-0.0155917,-0.00691436,1.26097,-0.359922
3.2433906780000004,1.215192653589793,-0.37153532679489654,-0.0140939,-0.00870616,1.26173,-0.360303
3.3091290690000004,1.2139526535897929,-0.3724143267948966,-0.0146126,-0.0091908,1.26211,-0.360303
3.3748568310000002,1.211412653589793,-0.3731133267948966,-0.017016,-0.00932903,1.26249,-0.360303
3.440610575,1.2122926535897927,-0.37185632679489655,-0.0136968,-0.00625856,1.26249,-0.360303
3.5062977440000003,1.2112626535897926,-0.36984532679489657,-0.0137675,-0.0023694,1.26211,-0.360303
3.5770948160000002,1.210572653589793,-0.36927332679489655,-0.0131232,-0.00106421,1.26097,-0.360685
3.6428562820000003,1.2109726535897938,-0.3687893267948966,-0.0109987,-0.000168739,1.25792,-0.361066
3.7086071,1.2070926535897932,-0.36770632679489645,-0.0162526,0.00159526,1.25296,-0.363355
3.7743798060000002,1.203862653589793,-0.3704413267948966,-0.0200928,-0.00302221,1.24685,-0.364881
3.8401178650000003,1.204492653589793,-0.36894132679489655,-0.0168017,-0.000151746,1.23884,-0.366025
3.9058808860000003,1.2046226535897926,-0.3677733267948965,-0.0147072,0.00176469,1.23198,-0.366789
3.971628352,1.2040426535897932,-0.36553532679489653,-0.0142532,0.00520168,1.2232,-0.367552
4.037347225,1.2033026535897928,-0.36597132679489663,-0.0138407,0.00408044,1.21443,-0.368315
4.103103542,1.2061326535897932,-0.3644153267948965,-0.00754478,0.00615168,1.2068,-0.368315
4.1690146200000004,1.2041626535897931,-0.3680633267948966,-0.00990027,-0.000271042,1.20031,-0.369078
4.234824494000001,1.2019926535897927,-0.36997232679489656,-0.0123799,-0.00322607,1.19459,-0.368696
4.300589089000001,1.2127226535897933,-0.3700933267948966,0.00717676,-0.00295758,1.18811,-0.368696
4.371417088,1.2170126535897934,-0.3698113267948967,0.0135218,-0.00216953,1.18429,-0.368315
4.437122979000001,1.2277126535897933,-0.37307632679489655,0.0298066,-0.00709581,1.18353,-0.368315
4.502911816,1.2331826535897932,-0.37347432679489667,0.0355417,-0.00709735,1.18391,-0.368315
4.568704634,1.2395526535897936,-0.37272032679489653,0.0422436,-0.00515481,1.18353,-0.368315
4.634443210000001,1.2409926535897933,-0.37077132679489655,0.0398956,-0.00156734,1.18391,-0.368315
4.700218658000001,1.2410626535897933,-0.3711703267948966,0.0354687,-0.00192376,1.18429,-0.367934
4.765977346000001,1.242572653589793,-0.37143432679489663,0.0340376,-0.00203095,1.18505,-0.368315
4.831740034,1.2463026535897939,-0.36952032679489644,0.0365561,0.00126357,1.18582,-0.368315
4.897523870000001,1.248342653589793,-0.3683493267948966,0.0360594,0.00298151,1.18811,-0.368696
4.963300836,1.2537326535897932,-0.3687153267948965,0.0412915,0.00222958,1.19001,-0.368696
5.029098080000001,1.2562226535897931,-0.36832032679489657,0.0409098,0.0026273,1.19383,-0.369078
5.094853009,1.2504626535897936,-0.3698073267948966,0.0270313,-9.61496e-05,1.19993,-0.369459
5.165687934,1.243042653589793,-0.3712473267948967,0.0114704,-0.00248214,1.20947,-0.369841
5.231419751000001,1.2362026535897934,-0.3689533267948967,-0.00177371,0.00148064,1.22053,-0.370222
5.297184217000001,1.2294026535897933,-0.37054332679489643,-0.0129151,-0.00121148,1.23198,-0.371748
5.362950664,1.2189126535897934,-0.3709043267948965,-0.0283594,-0.00152975,1.24228,-0.372893
5.4287367600000005,1.2134226535897934,-0.3697573267948967,-0.0342688,0.000444828,1.24914,-0.373656
5.494527485000001,1.212492653589793,-0.3705723267948965,-0.0320798,-0.00088776,1.25715,-0.373656
5.5602871920000005,1.2156526535897925,-0.3703513267948967,-0.0232857,-0.000542675,1.26287,-0.373656
5.626098399,1.2198926535897936,-0.3673763267948965,-0.0138746,0.00415212,1.26898,-0.373274
5.6918461240000005,1.2278726535897926,-0.3649003267948966,0.00120253,0.00760986,1.27356,-0.373274
5.7576054050000005,1.2302726535897932,-0.36445532679489656,0.00507331,0.00752195,1.27546,-0.372893
5.823376648,1.2310326535897929,-0.3627073267948967,0.00579461,0.0095881,1.27623,-0.372893
5.889108596000001,1.2363726535897932,-0.3599013267948966,0.0141245,0.0130797,1.27623,-0.37213
5.959952076,1.2390326535897938,-0.3582823267948966,0.0168647,0.0141737,1.27699,-0.370604
6.025729968,1.2419726535897926,-0.3530983267948965,0.0198273,0.0209738,1.27661,-0.367934
6.091520138000001,1.2436826535897927,-0.3513143267948965,0.0204952,0.0216309,1.27661,-0.367171
6.1572532330000005,1.2401426535897926,-0.34850532679489665,0.0122224,0.023864,1.27661,-0.366025
6.223004329,1.2414726535897938,-0.3474413267948967,0.0131146,0.0232049,1.27584,-0.363737
6.288771572000001,1.2400426535897928,-0.34757832679489653,0.00921915,0.0204958,1.27394,-0.361829
6.354493279000001,1.2380326535897934,-0.3474023267948966,0.00469435,0.01855,1.27165,-0.357633
6.420229467,1.2353726535897929,-0.3466733267948966,-0.000202202,0.0177752,1.26898,-0.352674
6.485949581000001,1.2300826535897933,-0.3496083267948965,-0.00901688,0.0115237,1.26364,-0.346952
6.5517168980000005,1.2175226535897927,-0.35319732679489657,-0.0286632,0.00470695,1.25601,-0.343137
6.617457123,1.2148726535897927,-0.3547463267948966,-0.0299997,0.00185436,1.24876,-0.339323
6.683229701,1.2111926535897934,-0.35677932679489655,-0.0328427,-0.00156604,1.24113,-0.337797
6.7540806810000005,1.2117526535897936,-0.36049032679489657,-0.0282416,-0.00704278,1.2335,-0.337034
6.819841536,1.208202653589793,-0.36109232679489656,-0.0310737,-0.007094,1.22549,-0.336271
6.885617835000001,1.208882653589793,-0.3598943267948965,-0.0266211,-0.00449096,1.21824,-0.336652
6.951348820000001,1.2128126535897934,-0.36391832679489655,-0.0174329,-0.0100777,1.21137,-0.336652
7.017253046,1.220872653589793,-0.36553132679489664,-0.00234972,-0.0115555,1.20298,-0.336652
7.082994734000001,1.2255226535897936,-0.3659323267948965,0.00571434,-0.0109776,1.19726,-0.337034
7.147003466,1.226902653589793,-0.36379832679489665,0.00738666,-0.00648424,1.19345,-0.337415
7.212766673000001,1.2320526535897933,-0.36260132679489654,0.0150893,-0.00380489,1.19078,-0.33856
7.283582709,1.2336726535897924,-0.3593253267948965,0.0157953,0.0017542,1.18772,-0.340467
7.349365101,1.234972653589793,-0.3583683267948966,0.0162258,0.00306796,1.18696,-0.342756
7.415118067000001,1.2358426535897928,-0.36126932679489665,0.0155475,-0.00187871,1.18696,-0.344282
7.480892033000001,1.2354826535897931,-0.36167932679489645,0.0132036,-0.00234194,1.18696,-0.346952
7.546636425000001,1.234382653589793,-0.3666683267948966,0.0102018,-0.00997803,1.18734,-0.349622
7.61238802,1.2333126535897927,-0.37296032679489655,0.00725491,-0.0191024,1.18849,-0.352674
7.678196968000001,1.2355026535897924,-0.3741673267948965,0.0101207,-0.0190227,1.18925,-0.356107
7.743963749000001,1.2429626535897933,-0.37650832679489665,0.0213189,-0.0207593,1.19039,-0.358015
7.809745641,1.2491026535897927,-0.3765143267948966,0.0290698,-0.0186315,1.19345,-0.360303
7.875482736,1.2616826535897934,-0.3736833267948966,0.0461323,-0.0120827,1.19841,-0.361829
7.9413039990000005,1.2689526535897935,-0.37361632679489654,0.053339,-0.0106797,1.20603,-0.363737
8.007025687,1.2725226535897933,-0.37087132679489654,0.0532526,-0.00533941,1.21443,-0.364881
8.072769523,1.2730526535897928,-0.3690513267948966,0.0481312,-0.00195759,1.22473,-0.366408
8.143585874000001,1.2761126535897933,-0.3681363267948966,0.0475489,-0.000281625,1.23541,-0.368315
8.209341655000001,1.2697226535897927,-0.3724373267948965,0.0318283,-0.00684626,1.24571,-0.371748
8.275143788000001,1.2571426535897938,-0.3749243267948966,0.00730408,-0.010106,1.25677,-0.375181
8.340890809000001,1.2611726535897931,-0.3775483267948966,0.0134223,-0.0131851,1.26631,-0.37747
8.406693072000001,1.263592653589793,-0.37678732679489657,0.0160003,-0.0105767,1.27661,-0.37747
8.472553502,1.2649726535897932,-0.3751203267948967,0.016519,-0.00684552,1.285,-0.377852
8.538322338,1.266972653589793,-0.36825732679489664,0.0180028,0.00495712,1.29416,-0.378233
8.604071008,1.2718926535897932,-0.3668083267948966,0.0242548,0.00675293,1.29988,-0.378233
8.669820770000001,1.280012653589793,-0.3619583267948966,0.0351773,0.0136837,1.30484,-0.378233
8.735569995,1.2840126535897936,-0.36323932679489646,0.0378994,0.0100812,1.30827,-0.378233
8.801322128,1.288202653589793,-0.3602093267948966,0.0406887,0.0139486,1.3098,-0.378615
8.872173479,1.2860526535897936,-0.35999132679489654,0.0322576,0.0127124,1.31094,-0.378233
8.937969223000001,1.2799126535897933,-0.3594683267948965,0.0186401,0.0122955,1.3117,-0.378233
9.003725485,1.271032653589793,-0.3586843267948966,0.00143629,0.012299,1.3117,-0.378233
9.066831564000001,1.2674826535897932,-0.35766732679489655,-0.00462978,0.0126851,1.3117,-0.377852
9.132573622,1.2523726535897932,-0.3565223267948966,-0.029024,0.0133374,1.31208,-0.377089
9.198347792,1.2354426535897929,-0.3588203267948965,-0.0543426,0.00825111,1.3117,-0.375181
9.26917105,1.2241826535897928,-0.35667132679489655,-0.0667456,0.0109589,1.31094,-0.372893
9.334994295000001,1.2010726535897929,-0.3599053267948965,-0.0990614,0.00433733,1.30751,-0.37213
9.400787020000001,1.1866226535897928,-0.3598513267948965,-0.112548,0.00396149,1.30331,-0.370222
9.466538079000001,1.170572653589793,-0.3624763267948966,-0.127019,-0.000957401,1.29988,-0.366025
9.532311489000001,1.1525426535897934,-0.3665193267948966,-0.143766,-0.00753668,1.29225,-0.364118
9.5980629,1.1390326535897932,-0.3693953267948965,-0.150425,-0.0115503,1.28309,-0.361829
9.663844644000001,1.1463126535897938,-0.3690253267948965,-0.119306,-0.00946245,1.27012,-0.359922
9.729609943,1.1597226535897924,-0.36330932679489647,-0.0803695,0.00170066,1.25677,-0.358015
9.795397817000001,1.1621326535897936,-0.3638423267948966,-0.0663841,0.00057747,1.24418,-0.357252
9.861220024000001,1.173312653589793,-0.35958532679489663,-0.0388265,0.0077887,1.22969,-0.35687
9.926948453000001,1.1815526535897938,-0.3553753267948966,-0.0195663,0.0141094,1.21557,-0.356489
9.992716178,1.1856026535897932,-0.35367432679489663,-0.0101133,0.015427,1.20146,-0.356489
10.063508066,1.1924226535897935,-0.34936732679489657,0.00282578,0.0206717,1.18658,-0.35687
10.129256143000001,1.177492653589793,-0.36120332679489653,-0.0232977,-0.00163445,1.17552,-0.357252
10.194978072000001,1.173032653589793,-0.3686643267948967,-0.0282372,-0.0140724,1.16293,-0.358015
10.260745872000001,1.1821326535897931,-0.36737032679489656,-0.00869762,-0.0100631,1.1511,-0.358396
10.326513912000001,1.188892653589793,-0.3643283267948966,0.00418404,-0.00382766,1.14157,-0.358777
10.392251748000001,1.2005726535897931,-0.3596163267948965,0.0241851,0.00435182,1.13394,-0.359159
10.458035881,1.2094526535897927,-0.35772132679489654,0.0365889,0.00697735,1.12669,-0.360303
10.523778532000001,1.2191926535897935,-0.35786832679489666,0.0488699,0.00599392,1.12364,-0.360685
10.589569499000001,1.2230326535897929,-0.3585193267948966,0.0498459,0.00427757,1.11906,-0.361448
10.655315817,1.219672653589793,-0.3577383267948967,0.0383678,0.00509877,1.11753,-0.361829
10.721101468,1.2194826535897931,-0.35457532679489645,0.033357,0.00978771,1.11791,-0.361066
10.786866767000001,1.2211626535897926,-0.35554432679489645,0.0324623,0.00708747,1.11677,-0.359922
10.857660063,1.2212426535897931,-0.3572053267948966,0.0286501,0.00356756,1.11639,-0.358777
10.923393344,1.2241726535897932,-0.35771332679489654,0.0304181,0.00237184,1.11677,-0.357633
10.989116661,1.222442653589793,-0.35505332679489665,0.0239983,0.00625904,1.11677,-0.357252
11.054983628,1.2218626535897927,-0.3567883267948967,0.0202274,0.00268252,1.11677,-0.35687
11.120723631,1.2210726535897933,-0.3628853267948965,0.0164573,-0.0075721,1.11753,-0.35687
11.186524172,1.215802653589794,-0.37024932679489664,0.00524087,-0.0189736,1.11753,-0.35687
11.252274249000001,1.2126026535897925,-0.3771123267948967,-0.000857364,-0.0282105,1.1202,-0.357252
11.317944955000002,1.2107526535897932,-0.3831013267948965,-0.00369396,-0.0348849,1.12287,-0.35687
11.383685069,1.209212653589793,-0.3863753267948965,-0.00585867,-0.0364499,1.1286,-0.35687
11.449420202,1.2140826535897933,-0.38755832679489666,0.00280194,-0.0344377,1.1347,-0.357252
11.515173224000002,1.218782653589793,-0.3911443267948965,0.0102365,-0.0366333,1.14347,-0.357633
11.585970315,1.2213126535897931,-0.39298632679489665,0.0133503,-0.0353024,1.15568,-0.35954
11.651758097,1.2188726535897931,-0.3940973267948965,0.00763252,-0.0332163,1.16484,-0.363355
11.717529044,1.2174826535897934,-0.3951243267948966,0.00443997,-0.0313443,1.17857,-0.366025
11.783220454,1.2083726535897927,-0.4000193267948965,-0.0112801,-0.0360855,1.19116,-0.369459
11.848946846,1.2053826535897931,-0.4059193267948965,-0.0149826,-0.0416301,1.20069,-0.376326
11.91470735,1.1898726535897932,-0.4075013267948967,-0.0384186,-0.0390411,1.21061,-0.383192
11.980468353000001,1.184292653589793,-0.4042703267948965,-0.0435937,-0.0296781,1.22091,-0.390822
