time,axis,target,baseline,damped,baseline_v,damped_v
0,0,1.25415,1.27661,1.27661,-2.618e-05,-2.618e-05
0,1,-0.359857,-0.378233,-0.378233,2.618e-05,2.618e-05
0.05,0,1.25415,1.27657,1.27658,-0.00172788,-0.00172788
0.05,1,-0.359857,-0.378196,-0.3782,0.00172788,0.00172788
0.1,0,1.25416,1.27638,1.27639,-0.00604757,-0.00604302
0.1,1,-0.357081,-0.378001,-0.378016,0.00604757,0.00604757
0.15,0,1.25696,1.2759,1.27597,-0.0129853,-0.0106056
0.15,1,-0.357318,-0.377519,-0.377551,0.0129853,0.0129853
0.2,0,1.25509,1.27499,1.27537,-0.0225409,-0.0128077
0.2,1,-0.35654,-0.376618,-0.376705,0.0225409,0.0205085
0.25,0,1.25509,1.27356,1.27468,-0.0336151,-0.0150368
0.25,1,-0.35654,-0.375189,-0.375534,0.0332485,0.0260326
0.3,0,1.25679,1.27163,1.27389,-0.0423853,-0.0160777
0.3,1,-0.355815,-0.373272,-0.37413,0.0422806,0.0299096
0.35,0,1.25906,1.26933,1.27309,-0.0485376,-0.0158331
0.35,1,-0.35566,-0.370963,-0.372567,0.0489565,0.0323273
0.4,0,1.25754,1.26679,1.27233,-0.052229,-0.0144409
0.4,1,-0.360707,-0.368393,-0.370917,0.0530144,0.0334839
0.45,0,1.25754,1.26411,1.27162,-0.0541925,-0.0142429
0.45,1,-0.360707,-0.365692,-0.369256,0.0544543,0.032524
0.5,0,1.25589,1.2614,1.2709,-0.0542187,-0.0146163
0.5,1,-0.363032,-0.362991,-0.367708,0.0532762,0.028946
0.55,0,1.25638,1.25874,1.27016,-0.0519934,-0.0151057
0.55,1,-0.363266,-0.360421,-0.366383,0.0494801,0.0241258
0.6,0,1.25282,1.25626,1.2694,-0.0472024,-0.0151214
0.6,1,-0.363237,-0.358112,-0.365285,0.043066,0.0199095
0.65,0,1.25282,1.25404,1.26861,-0.042045,-0.0166023
0.65,1,-0.363237,-0.356197,-0.364382,0.0340339,0.0163185
0.7,0,1.24082,1.2521,1.26772,-0.0364687,-0.019424
0.7,1,-0.363938,-0.354802,-0.363651,0.022698,0.0129023
0.75,0,1.23781,1.25037,1.26663,-0.033458,-0.0248301
0.75,1,-0.366049,-0.353948,-0.363087,0.0128805,0.00949333
0.8,0,1.23363,1.24872,1.2652,-0.0330653,-0.0325922
0.8,1,-0.36742,-0.353512,-0.362708,0.00568105,0.00571663
0.85,0,1.23363,1.24701,1.26336,-0.0352906,-0.0407649
0.85,1,-0.36742,-0.353365,-0.362519,0.00109956,0.00199031
0.9,0,1.22346,1.24513,1.26114,-0.0401339,-0.0483507
0.9,1,-0.367645,-0.353384,-0.362496,-0.00164934,-0.000968614
0.95,0,1.22121,1.24293,1.25849,-0.0475951,-0.0576795
0.95,1,-0.365255,-0.353589,-0.362601,-0.00649263,-0.00295877
1,0,1.21652,1.24032,1.25541,-0.0554753,-0.0650997
1,1,-0.364143,-0.354108,-0.362757,-0.0139539,-0.00310651
1.05,0,1.21652,1.23733,1.25198,-0.0630413,-0.0714558
1.05,1,-0.364143,-0.355041,-0.362896,-0.0221482,-0.00245745
1.1,0,1.21706,1.23403,1.24831,-0.0681464,-0.0752094
1.1,1,-0.36238,-0.356314,-0.362989,-0.0277769,-0.00110057
1.15,0,1.21297,1.23053,1.2445,-0.0717331,-0.0770461
1.15,1,-0.362726,-0.357796,-0.363012,-0.0307876,5.85639e-05
1.2,0,1.21665,1.22685,1.24062,-0.0747438,-0.0776284
1.2,1,-0.359802,-0.359357,-0.362987,-0.0311803,0.00100702
1.25,0,1.21665,1.22309,1.23678,-0.0751365,-0.0758455
1.25,1,-0.359802,-0.360866,-0.362882,-0.028955,0.00324075
1.3,0,1.2184,1.21938,1.23308,-0.0729112,-0.0714447
1.3,1,-0.356416,-0.362191,-0.36265,-0.0241117,0.00632722
1.35,0,1.21886,1.21586,1.22967,-0.0680679,-0.0645913
1.35,1,-0.358817,-0.363202,-0.362257,-0.0166504,0.00908617
1.4,0,1.22476,1.21265,1.22662,-0.0606066,-0.0575393
1.4,1,-0.360165,-0.3638,-0.361781,-0.00845612,0.00968562
1.45,0,1.22476,1.20989,1.22395,-0.0505273,-0.0488231
1.45,1,-0.360165,-0.364057,-0.361315,-0.00282743,0.00891903
1.5,0,1.23081,1.2077,1.22178,-0.0379871,-0.0375352
1.5,1,-0.360886,-0.364105,-0.360899,0.00023562,0.00767771
1.55,0,1.22987,1.20615,1.2202,-0.0252899,-0.0260618
1.55,1,-0.360646,-0.363999,-0.360544,0.00403171,0.00659002
1.6,0,1.23108,1.20518,1.21913,-0.0149488,-0.0169595
1.6,1,-0.361289,-0.363637,-0.360238,0.0099222,0.00555727
1.65,0,1.23108,1.20466,1.21849,-0.00722575,-0.00928476
1.65,1,-0.361289,-0.363019,-0.359992,0.0139801,0.00430861
1.7,0,1.23128,1.20445,1.21818,-0.00212069,-0.00313076
1.7,1,-0.364,-0.362269,-0.359829,0.01542,0.00197675
1.75,0,1.23204,1.20442,1.21815,0.000523464,0.00196746
1.75,1,-0.363023,-0.36152,-0.359786,0.0142419,3.84034e-06
1.8,0,1.22892,1.20454,1.21836,0.00431953,0.0059838
1.8,1,-0.366323,-0.360901,-0.359818,0.0104458,-0.00134649
1.85,0,1.22892,1.20492,1.21871,0.0107336,0.00771527
1.85,1,-0.366323,-0.36054,-0.359951,0.00455531,-0.00407347
1.9,0,1.22303,1.2057,1.21909,0.0197657,0.0069877
1.9,1,-0.370978,-0.360434,-0.360246,0.000497419,-0.00809284
1.95,0,1.22487,1.20699,1.21939,0.0311015,0.00499504
1.95,1,-0.372133,-0.360482,-0.360763,-0.00240856,-0.0124581
2,0,1.2263,1.20883,1.2196,0.0411808,0.00381936
2,1,-0.374096,-0.360739,-0.361475,-0.00777545,-0.0160042
2.05,0,1.2263,1.21113,1.21979,0.0494275,0.00378213
2.05,1,-0.374096,-0.361336,-0.362359,-0.0157603,-0.0192016
2.1,0,1.23218,1.21382,1.22,0.0574123,0.00518443
2.1,1,-0.369488,-0.362348,-0.363362,-0.0234834,-0.0204836
2.15,0,1.23411,1.21688,1.22035,0.0641405,0.00904246
2.15,1,-0.366227,-0.363673,-0.364364,-0.0285885,-0.0191475
2.2,0,1.23132,1.22022,1.2209,0.068722,0.0125937
2.2,1,-0.366554,-0.365182,-0.365238,-0.0310756,-0.0157103
2.25,0,1.23132,1.22372,1.22157,0.0706855,0.0138653
2.25,1,-0.366554,-0.366743,-0.365945,-0.0309447,-0.0126665
2.3,0,1.23306,1.22726,1.22229,0.0705546,0.0149308
2.3,1,-0.365695,-0.368225,-0.366499,-0.0281958,-0.00957837
2.35,0,1.23265,1.23073,1.22305,0.0678056,0.015433
2.35,1,-0.366687,-0.369498,-0.366918,-0.0228289,-0.00741121
2.4,0,1.23333,1.23398,1.22383,0.0624387,0.0156168
2.4,1,-0.366142,-0.370431,-0.367248,-0.014844,-0.00573277
2.45,0,1.24015,1.23689,1.22461,0.0545062,0.0157745
2.45,1,-0.363017,-0.37095,-0.367493,-0.00712095,-0.00409663
2.5,0,1.24015,1.23941,1.22544,0.0467831,0.0175083
2.5,1,-0.363017,-0.371155,-0.367631,-0.00201586,-0.00125497
2.55,0,1.24408,1.24152,1.22641,0.0391123,0.0218388
2.55,1,-0.36208,-0.371174,-0.367618,0.000785399,0.00175686
2.6,0,1.23932,1.24329,1.22762,0.031651,0.0261751
2.6,1,-0.3614,-0.371026,-0.367466,0.00510509,0.00432006
2.65,0,1.22488,1.2446,1.22898,0.0216241,0.0280542
2.65,1,-0.36473,-0.370591,-0.367194,0.0119904,0.00641758
2.7,0,1.22488,1.24542,1.23038,0.0123301,0.0273152
2.7,1,-0.36473,-0.369812,-0.366857,0.0181427,0.00661931
2.75,0,1.22398,1.24584,1.23167,0.00565423,0.0239582
2.75,1,-0.362682,-0.368766,-0.366538,0.0234049,0.00648071
2.8,0,1.22173,1.246,1.23273,0.00159632,0.0179832
2.8,1,-0.364431,-0.367474,-0.366208,0.0274628,0.00645652
2.85,0,1.21648,1.24601,1.23343,-0.000681364,0.00939028
2.85,1,-0.362967,-0.36605,-0.365909,0.028955,0.00554589
2.9,0,1.21648,1.24588,1.23363,-0.00447748,-0.0016636
2.9,1,-0.362967,-0.364574,-0.365632,0.0297142,0.00558599
2.95,0,1.2175,1.24549,1.23328,-0.0108916,-0.0115656
2.95,1,-0.367055,-0.363124,-0.365364,0.0280125,0.00469267
3,0,1.2153,1.24471,1.23251,-0.0199237,-0.0188623
3,1,-0.366897,-0.361831,-0.365191,0.0236929,0.00235757
3.05,0,1.21675,1.24341,1.23143,-0.0315214,-0.0241034
3.05,1,-0.367847,-0.360827,-0.365119,0.0167552,0.000553438
3.1,0,1.21675,1.24152,1.23014,-0.0423861,-0.0270772
3.1,1,-0.367847,-0.360219,-0.36514,0.00866556,-0.00132839
3.15,0,1.21494,1.23914,1.22874,-0.0519942,-0.0289296
3.15,1,-0.368669,-0.359951,-0.365251,0.00303687,-0.00311962
3.2,0,1.21524,1.23632,1.22726,-0.0597173,-0.0299259
3.2,1,-0.369956,-0.359893,-0.365449,2.618e-05,-0.00487608
3.25,0,1.21519,1.23318,1.22577,-0.0648224,-0.0298265
3.25,1,-0.371535,-0.359957,-0.365737,-0.00272271,-0.00664931
3.3,0,1.21519,1.22986,1.22429,-0.0673096,-0.0290692
3.3,1,-0.371535,-0.360229,-0.366123,-0.0080896,-0.00868209
3.35,0,1.21395,1.22646,1.22286,-0.0684353,-0.0284768
3.35,1,-0.372414,-0.360843,-0.366603,-0.0160745,-0.0104559
3.4,0,1.21141,1.22304,1.22144,-0.0683044,-0.0282262
3.4,1,-0.373113,-0.361905,-0.367162,-0.0253684,-0.0118685
3.45,0,1.21229,1.21965,1.22003,-0.0671264,-0.0282718
3.45,1,-0.371856,-0.363382,-0.367782,-0.0325679,-0.0128181
3.5,0,1.21229,1.21639,1.21864,-0.0633303,-0.0270412
3.5,1,-0.371856,-0.365148,-0.368416,-0.0371493,-0.0124645
3.55,0,1.21126,1.21337,1.21732,-0.0573875,-0.0259277
3.55,1,-0.369845,-0.36707,-0.36901,-0.0391128,-0.0109964
3.6,0,1.21057,1.21073,1.21605,-0.048879,-0.0247591
3.6,1,-0.369273,-0.369018,-0.369512,-0.0384583,-0.00901123
3.65,0,1.21097,1.20858,1.21485,-0.0377526,-0.0234515
3.65,1,-0.368789,-0.370862,-0.369913,-0.0351859,-0.0070457
3.7,0,1.21097,1.20704,1.21372,-0.0252909,-0.0215986
3.7,1,-0.368789,-0.37247,-0.370216,-0.0292954,-0.00515122
3.75,0,1.20709,1.20607,1.21267,-0.0148975,-0.0209852
3.75,1,-0.367706,-0.373712,-0.370422,-0.0207869,-0.0030275
3.8,0,1.20386,1.20555,1.2116,-0.00691267,-0.0219835
3.8,1,-0.370441,-0.374487,-0.370531,-0.0115454,-0.00168051
3.85,0,1.20449,1.20537,1.21046,-0.0015458,-0.0235178
3.85,1,-0.368941,-0.37487,-0.37062,-0.00486947,-0.00183415
3.9,0,1.20449,1.20538,1.20928,0.00120307,-0.0235802
3.9,1,-0.368941,-0.374991,-0.370692,-0.000811578,-0.00102175
3.95,0,1.20462,1.20545,1.20811,0.00133394,-0.0228232
3.95,1,-0.367773,-0.374967,-0.370712,0.00172788,0.000285054
4,0,1.20404,1.20547,1.207,-0.00010598,-0.021874
4,1,-0.365535,-0.374758,-0.370661,0.00657117,0.00201585
4.05,0,1.2033,1.20541,1.20593,-0.0025931,-0.0208909
4.05,1,-0.365971,-0.374235,-0.370506,0.0140325,0.00404167
4.1,0,1.2033,1.20515,1.20491,-0.00738406,-0.0199124
4.1,1,-0.365971,-0.373325,-0.370271,0.0212319,0.00528857
4.15,0,1.20613,1.20468,1.20396,-0.0106566,-0.0175115
4.15,1,-0.364415,-0.372083,-0.369964,0.0275937,0.00698333
4.2,0,1.20416,1.2041,1.20315,-0.0127772,-0.015107
4.2,1,-0.368063,-0.370581,-0.369588,0.0316516,0.00769354
4.25,0,1.20199,1.2034,1.20244,-0.0150025,-0.0138104
4.25,1,-0.369972,-0.368948,-0.369234,0.0330915,0.00614741
4.3,0,1.20199,1.20257,1.20175,-0.0175943,-0.0135238
4.3,1,-0.369972,-0.367315,-0.368987,0.0319134,0.00380925
4.35,0,1.21272,1.20168,1.20111,-0.0177253,-0.0117354
4.35,1,-0.370093,-0.365813,-0.368845,0.0281173,0.00196558
4.4,0,1.21701,1.20085,1.20062,-0.0152382,-0.00732909
4.4,1,-0.369811,-0.364573,-0.368782,0.0217032,0.000661128
4.45,0,1.22771,1.20021,1.20042,-0.0101331,-0.000304753
4.45,1,-0.373076,-0.363723,-0.368774,0.0129853,-0.000432224
4.5,0,1.22771,1.19988,1.20064,-0.00408558,0.00933758
4.5,1,-0.373076,-0.363282,-0.368856,0.00578577,-0.00292168
4.55,0,1.23318,1.19979,1.2014,-0.000289514,0.0215544
4.55,1,-0.373474,-0.36313,-0.36906,0.00120428,-0.00512257
4.6,0,1.23955,1.19985,1.2028,0.00277351,0.0346114
4.6,1,-0.37272,-0.363144,-0.369353,-0.00154462,-0.00636974
4.65,0,1.24099,1.20013,1.20485,0.00840218,0.0466869
4.65,1,-0.370771,-0.363343,-0.369687,-0.00638791,-0.00675949
4.7,0,1.24099,1.20077,1.20743,0.0166488,0.0561627
4.7,1,-0.370771,-0.363856,-0.370003,-0.0136921,-0.00587955
4.75,0,1.24106,1.20189,1.21042,0.0275135,0.0630205
4.75,1,-0.37117,-0.364747,-0.370281,-0.0208392,-0.00528383
4.8,0,1.24257,1.20362,1.21369,0.0404464,0.0672602
4.8,1,-0.371434,-0.365925,-0.370533,-0.0254207,-0.00481812
4.85,0,1.2463,1.206,1.2171,0.0534316,0.0690842
4.85,1,-0.36952,-0.367261,-0.370762,-0.0273842,-0.00415115
4.9,0,1.24834,1.20902,1.22057,0.0656314,0.0695535
4.9,1,-0.368349,-0.368623,-0.370929,-0.0267297,-0.00254222
4.95,0,1.24834,1.2126,1.22405,0.0762343,0.0693682
4.95,1,-0.368349,-0.369881,-0.371005,-0.0234572,-0.00058914
5,0,1.25373,1.21667,1.22751,0.0857899,0.0694942
5,1,-0.368715,-0.370902,-0.370999,-0.0175667,0.000737924
5.05,0,1.25622,1.2212,1.23101,0.0944031,0.0703559
5.05,1,-0.36832,-0.371563,-0.370936,-0.00958186,0.00180896
5.1,0,1.25046,1.22612,1.23453,0.101341,0.0703076
5.1,1,-0.369807,-0.371862,-0.370822,-0.00342957,0.00263808
5.15,0,1.25046,1.23132,1.238,0.10566,0.0680628
5.15,1,-0.369807,-0.371925,-0.370696,0.00010472,0.00233926
5.2,0,1.24304,1.23666,1.24129,0.107362,0.0631999
5.2,1,-0.371247,-0.371832,-0.370595,0.00337721,0.00148121
5.25,0,1.2362,1.24201,1.24428,0.106446,0.055719
5.25,1,-0.368953,-0.371607,-0.370548,0.00534071,0.000642213
5.3,0,1.2294,1.24725,1.24682,0.102911,0.0456201
5.3,1,-0.370543,-0.371247,-0.370502,0.00908444,0.00119336
5.35,0,1.2294,1.25223,1.2488,0.0967592,0.0330682
5.35,1,-0.370543,-0.370699,-0.370452,0.0120951,0.000736474
5.4,0,1.21891,1.25684,1.25012,0.0879889,0.0199782
5.4,1,-0.370904,-0.370073,-0.37043,0.0124878,0.000130428
5.45,0,1.21342,1.26094,1.25079,0.0766005,0.0068883
5.45,1,-0.369757,-0.369495,-0.370433,0.0105243,-6.3052e-05
5.5,0,1.21249,1.26441,1.25081,0.0635368,-0.00620165
5.5,1,-0.370572,-0.369076,-0.370429,0.00620465,0.00016288
5.55,0,1.21249,1.26723,1.25017,0.0504468,-0.0192916
5.55,1,-0.370572,-0.368903,-0.370428,0.00162316,-0.000112704
5.6,0,1.21565,1.26939,1.2489,0.0373569,-0.0314391
5.6,1,-0.370351,-0.368889,-0.370437,-0.000654499,-0.000211483
5.65,0,1.21989,1.2709,1.24707,0.0248167,-0.0409947
5.65,1,-0.367376,-0.369006,-0.370445,-0.00366519,0.000130152
5.7,0,1.22787,1.27186,1.24484,0.0147374,-0.0479324
5.7,1,-0.3649,-0.369226,-0.370395,-0.00458149,0.00192773
5.75,0,1.22787,1.27238,1.24232,0.00727619,-0.0522521
5.75,1,-0.3649,-0.369419,-0.37023,-0.00287979,0.0046262
5.8,0,1.23027,1.2726,1.23966,0.00243292,-0.0539537
5.8,1,-0.364455,-0.369477,-0.369941,-2.61799e-05,0.00684366
5.85,0,1.23103,1.27265,1.23697,0.00020765,-0.0530374
5.85,1,-0.362707,-0.369413,-0.369549,0.00272271,0.00896648
5.9,0,1.23637,1.27262,1.2344,-0.00133694,-0.0495031
5.9,1,-0.359901,-0.36914,-0.369048,0.0080896,0.0111494
5.95,0,1.23637,1.27246,1.23207,-0.00539481,-0.0433508
5.95,1,-0.359901,-0.368527,-0.368415,0.0160221,0.0140215
6,0,1.23903,1.27201,1.23011,-0.0120707,-0.0345805
6,1,-0.358282,-0.367479,-0.367647,0.0250542,0.016686
6.05,0,1.24197,1.27117,1.22865,-0.0213645,-0.0231922
6.05,1,-0.353098,-0.366009,-0.366756,0.0330391,0.0191327
6.1,0,1.24368,1.26978,1.22782,-0.0331193,-0.0101696
6.1,1,-0.351314,-0.364121,-0.3657,0.0413905,0.0231428
6.15,0,1.24368,1.26782,1.22761,-0.0437222,0.00132077
6.15,1,-0.351314,-0.361843,-0.36445,0.04859,0.0266663
6.2,0,1.24014,1.26537,1.22791,-0.0535396,0.0101932
6.2,1,-0.348505,-0.359242,-0.363033,0.0547423,0.0300321
6.25,0,1.24147,1.26246,1.22858,-0.0615245,0.0164476
6.25,1,-0.347441,-0.356383,-0.361464,0.0588002,0.0326052
6.3,0,1.24004,1.25922,1.22951,-0.0671531,0.020084
6.3,1,-0.347578,-0.353392,-0.35979,0.0602401,0.0341001
6.35,0,1.24004,1.25575,1.23055,-0.0709492,0.0211209
6.35,1,-0.347578,-0.350402,-0.358079,0.059062,0.0342464
6.4,0,1.23803,1.25212,1.23158,-0.0739075,0.0198647
6.4,1,-0.347402,-0.347542,-0.356383,0.0552659,0.0335143
6.45,0,1.23537,1.24838,1.23252,-0.0755045,0.017571
6.45,1,-0.346673,-0.344945,-0.354732,0.0488518,0.0324789
6.5,0,1.23008,1.24459,1.23332,-0.0759495,0.0140937
6.5,1,-0.349608,-0.34274,-0.35314,0.0398197,0.0310853
6.55,0,1.23008,1.24076,1.2339,-0.0768134,0.0087996
6.55,1,-0.349608,-0.341058,-0.35166,0.028222,0.0278753
6.6,0,1.21752,1.23689,1.23417,-0.0782533,0.00158344
6.6,1,-0.353197,-0.339956,-0.350378,0.0173573,0.023018
6.65,0,1.21487,1.2329,1.23401,-0.081264,-0.00825071
6.65,1,-0.354746,-0.339326,-0.349367,0.00911062,0.0173389
6.7,0,1.21119,1.22878,1.23333,-0.0834892,-0.0189265
6.7,1,-0.356779,-0.339036,-0.348634,0.00348193,0.0119071
6.75,0,1.21119,1.22454,1.23214,-0.0851909,-0.0281795
6.75,1,-0.356779,-0.338956,-0.348177,0.000471239,0.00654989
6.8,0,1.21175,1.2203,1.23056,-0.0842746,-0.0348145
6.8,1,-0.36049,-0.338963,-0.347993,-0.000706859,0.000624369
6.85,0,1.2082,1.21615,1.22869,-0.0818922,-0.0396964
6.85,1,-0.361092,-0.339077,-0.3481,-0.00397935,-0.00470723
6.9,0,1.20888,1.21216,1.22661,-0.0778343,-0.0431568
6.9,1,-0.359894,-0.339428,-0.348443,-0.00986984,-0.00874145
6.95,0,1.20888,1.20844,1.22442,-0.0711583,-0.0443599
6.95,1,-0.359894,-0.340144,-0.34894,-0.0183783,-0.0109793
7,0,1.21281,1.20513,1.22221,-0.0618644,-0.0434211
7,1,-0.363918,-0.341358,-0.34956,-0.0295048,-0.0141278
7.05,0,1.22087,1.20235,1.22012,-0.0499525,-0.0398642
7.05,1,-0.365531,-0.34316,-0.350354,-0.041312,-0.0176481
7.1,0,1.22552,1.20021,1.21827,-0.0368626,-0.0336893
7.1,1,-0.365932,-0.345506,-0.35131,-0.0511294,-0.0203987
7.15,0,1.2269,1.19872,1.21679,-0.0243224,-0.0248965
7.15,1,-0.363798,-0.348272,-0.352379,-0.0583289,-0.0222224
7.2,0,1.2269,1.19779,1.2158,-0.0142432,-0.0148314
7.2,1,-0.363798,-0.351325,-0.353498,-0.0629104,-0.0221993
7.25,0,1.23205,1.1973,1.2153,-0.0067819,-0.00508703
7.25,1,-0.362601,-0.354535,-0.354578,-0.0648739,-0.0207957
7.3,0,1.23367,1.1971,1.21529,-0.00193864,0.00436791
7.3,1,-0.359325,-0.357772,-0.355573,-0.0642194,-0.0188323
7.35,0,1.23497,1.19708,1.2157,0.000443714,0.0120637
7.35,1,-0.358368,-0.360903,-0.356429,-0.0609469,-0.0152937
7.4,0,1.23497,1.19719,1.21647,0.00397798,0.0182883
7.4,1,-0.358368,-0.3638,-0.357099,-0.0550564,-0.0116365
7.45,0,1.23584,1.19754,1.21751,0.0101302,0.0229355
7.45,1,-0.361269,-0.366329,-0.35761,-0.046548,-0.00919814
7.5,0,1.23548,1.19828,1.21874,0.0189005,0.0261066
7.5,1,-0.361679,-0.368361,-0.358052,-0.0354215,-0.00857958
7.55,0,1.23438,1.19953,1.22009,0.0302888,0.0277073
7.55,1,-0.366668,-0.369787,-0.35847,-0.0231431,-0.00816932
7.6,0,1.23438,1.2014,1.22148,0.0431954,0.0277394
7.6,1,-0.366668,-0.370664,-0.358899,-0.0133256,-0.00942692
7.65,0,1.23331,1.20387,1.22285,0.0540601,0.0266233
7.65,1,-0.37296,-0.371121,-0.359447,-0.00612618,-0.0128638
7.7,0,1.2355,1.20682,1.22414,0.0630398,0.0254393
7.7,1,-0.374167,-0.371291,-0.360219,-0.00154471,-0.0179825
7.75,0,1.24296,1.21019,1.2254,0.0709199,0.0251093
7.75,1,-0.376508,-0.371303,-0.361224,0.000418759,-0.0221031
7.8,0,1.24296,1.21397,1.22669,0.0791666,0.026582
7.8,1,-0.376508,-0.371289,-0.36243,-0.000131045,-0.0259215
7.85,0,1.2491,1.21815,1.22811,0.0871515,0.0306726
7.85,1,-0.376514,-0.37136,-0.363788,-0.00287996,-0.0281532
7.9,0,1.26168,1.22269,1.22978,0.0940891,0.0365709
7.9,1,-0.373683,-0.371636,-0.365228,-0.00772328,-0.0291122
7.95,0,1.26895,1.22761,1.2318,0.101812,0.0447144
7.95,1,-0.373616,-0.372115,-0.366658,-0.010734,-0.0277797
8,0,1.26895,1.23293,1.2343,0.109745,0.0553188
8,1,-0.373616,-0.372674,-0.367995,-0.0111267,-0.0257219
8.05,0,1.27252,1.23861,1.23732,0.11663,0.0653097
8.05,1,-0.370871,-0.37318,-0.369213,-0.00890145,-0.0226076
8.1,0,1.27305,1.24458,1.24078,0.121211,0.0727517
8.1,1,-0.369051,-0.373503,-0.370246,-0.00421527,-0.0184863
8.15,0,1.27611,1.2507,1.24455,0.123332,0.0775757
8.15,1,-0.368136,-0.373606,-0.371063,-0.000680999,-0.0142421
8.2,0,1.27611,1.25691,1.2485,0.124248,0.0797817
8.2,1,-0.368136,-0.373595,-0.371671,0.00102067,-0.0102167
8.25,0,1.26972,1.26308,1.25249,0.122547,0.0793697
8.25,1,-0.372437,-0.373451,-0.372111,0.00465966,-0.00780651
8.3,0,1.25714,1.2691,1.25639,0.118227,0.0763397
8.3,1,-0.374924,-0.373139,-0.372493,0.00714673,-0.00789135
8.35,0,1.26117,1.27483,1.26008,0.111289,0.0706917
8.35,1,-0.377548,-0.372775,-0.372918,0.00701581,-0.009102
8.4,0,1.26117,1.28015,1.26342,0.101733,0.0624257
8.4,1,-0.377548,-0.372489,-0.373425,0.00426689,-0.0111627
8.45,0,1.26359,1.28491,1.26628,0.0895859,0.0521175
8.45,1,-0.376787,-0.372381,-0.374012,0.000784929,-0.0120914
8.5,0,1.26497,1.28903,1.26866,0.076496,0.0431759
8.5,1,-0.37512,-0.372387,-0.374622,-0.000916793,-0.011961
8.55,0,1.26697,1.29249,1.27063,0.063406,0.0360035
8.55,1,-0.368257,-0.372523,-0.375192,-0.00439875,-0.0107173
8.6,0,1.26697,1.2953,1.27229,0.0503161,0.0306784
8.6,1,-0.368257,-0.372808,-0.375656,-0.00636227,-0.00742481
8.65,0,1.27189,1.29746,1.27373,0.0372261,0.0272133
8.65,1,-0.366808,-0.373119,-0.375895,-0.0057078,-0.00207958
8.7,0,1.28001,1.29897,1.27506,0.0246859,0.0263662
8.7,1,-0.361958,-0.373326,-0.375868,-0.00248769,0.00349342
8.75,0,1.28401,1.29991,1.27641,0.0146067,0.0281372
8.75,1,-0.363239,-0.373371,-0.375534,-6.2e-07,0.00956181
8.8,0,1.28401,1.30043,1.27791,0.00714542,0.031919
8.8,1,-0.363239,-0.37332,-0.374953,0.00222465,0.0133046
8.85,0,1.2882,1.30064,1.27961,0.00230215,0.0362169
8.85,1,-0.360209,-0.373087,-0.374194,0.00706792,0.017141
8.9,0,1.28605,1.30068,1.2815,7.68799e-05,0.0391124
8.9,1,-0.359991,-0.372539,-0.373258,0.0145292,0.0200891
8.95,0,1.27991,1.30064,1.28348,-0.00188659,0.0394584
8.95,1,-0.359468,-0.371558,-0.372202,0.0237707,0.0220287
9,0,1.27991,1.30044,1.28541,-0.00646806,0.0371864
9,1,-0.359468,-0.370147,-0.371066,0.0314937,0.0232638
9.05,0,1.27103,1.29992,1.28715,-0.0136675,0.0322963
9.05,1,-0.358684,-0.368395,-0.369879,0.0375936,0.0241179
9.1,0,1.26748,1.29898,1.28859,-0.023485,0.0247883
9.1,1,-0.357667,-0.366394,-0.368659,0.0418086,0.0247047
9.15,0,1.25237,1.29748,1.28959,-0.0358419,0.0146623
9.15,1,-0.356522,-0.364234,-0.367415,0.0442433,0.0251067
9.2,0,1.23544,1.29532,1.29001,-0.0489318,0.00209406
9.2,1,-0.35882,-0.361986,-0.366151,0.0451596,0.0253316
9.25,0,1.23544,1.29252,1.28979,-0.0620218,-0.0109959
9.25,1,-0.35882,-0.359764,-0.364913,0.0434578,0.0238688
9.3,0,1.22418,1.28906,1.28892,-0.0751117,-0.0240858
9.3,1,-0.356671,-0.35768,-0.363761,0.04029,0.0225473
9.35,0,1.20107,1.28494,1.28738,-0.0882017,-0.0371758
9.35,1,-0.359905,-0.355787,-0.362653,0.0354467,0.0215436
9.4,0,1.20107,1.28017,1.2852,-0.101292,-0.0502657
9.4,1,-0.359905,-0.354209,-0.361644,0.0279854,0.0186531
9.45,0,1.18662,1.27475,1.28236,-0.114382,-0.0633557
9.45,1,-0.359851,-0.353076,-0.360786,0.0180632,0.0157518
9.5,0,1.17057,1.26867,1.27886,-0.127445,-0.0764456
9.5,1,-0.362476,-0.352424,-0.360072,0.00929289,0.0124555
9.55,0,1.15254,1.26194,1.27471,-0.140431,-0.0895356
9.55,1,-0.366519,-0.35214,-0.359549,0.00314057,0.00837271
9.6,0,1.13903,1.25456,1.26991,-0.153416,-0.102626
9.6,1,-0.369395,-0.352091,-0.359265,-0.000446104,0.00296987
9.65,0,1.13903,1.24653,1.26445,-0.166349,-0.115715
9.65,1,-0.369395,-0.352221,-0.359266,-0.00476582,-0.00294131
9.7,0,1.14631,1.2379,1.25834,-0.177213,-0.128805
9.7,1,-0.369025,-0.35264,-0.359531,-0.0117035,-0.00730679
9.75,0,1.15972,1.2288,1.25157,-0.18546,-0.141895
9.75,1,-0.363309,-0.353468,-0.359975,-0.0204738,-0.0101297
9.8,0,1.16213,1.21937,1.24417,-0.191089,-0.153807
9.8,1,-0.363842,-0.354686,-0.360501,-0.0272021,-0.0105009
9.85,0,1.16213,1.20972,1.23623,-0.194099,-0.163101
9.85,1,-0.363842,-0.356197,-0.36099,-0.0323072,-0.00898352
9.9,0,1.17331,1.19999,1.2279,-0.194492,-0.169777
9.9,1,-0.359585,-0.357892,-0.361389,-0.0347943,-0.00656344
9.95,0,1.18155,1.19032,1.2193,-0.192267,-0.173835
9.95,1,-0.355375,-0.359639,-0.361616,-0.0346635,-0.00231912
10,0,1.1856,1.18083,1.21056,-0.187423,-0.175275
10,1,-0.353674,-0.361307,-0.361594,-0.0319146,0.00314148
10.05,0,1.1856,1.17165,1.20181,-0.179962,-0.174097
10.05,1,-0.353674,-0.362766,-0.361308,-0.0265477,0.00807183
10.1,0,1.19242,1.16292,1.19319,-0.169883,-0.1703
10.1,1,-0.349367,-0.363885,-0.360789,-0.0185629,0.0130611
10.15,0,1.17749,1.15476,1.18483,-0.157343,-0.163886
10.15,1,-0.361203,-0.364563,-0.360011,-0.00984498,0.0176796
10.2,0,1.17303,1.14725,1.17685,-0.144253,-0.154854
10.2,1,-0.368664,-0.364876,-0.359064,-0.00369272,0.0197903
10.25,0,1.17303,1.1404,1.16939,-0.131163,-0.143204
10.25,1,-0.368664,-0.364952,-0.358076,-0.00015845,0.0192831
10.3,0,1.18213,1.1342,1.16255,-0.118073,-0.130114
10.3,1,-0.36737,-0.364924,-0.357179,0.000757824,0.0161578
10.35,0,1.18889,1.12866,1.15638,-0.104983,-0.117024
10.35,1,-0.364328,-0.364913,-0.356504,-0.0001585,0.0105246
10.4,0,1.20057,1.12377,1.15085,-0.0918928,-0.103934
10.4,1,-0.359616,-0.364905,-0.356119,0.000705414,0.00511288
10.45,0,1.20057,1.11953,1.14598,-0.0788029,-0.0908443
10.45,1,-0.359616,-0.36479,-0.355953,0.00397788,0.00193727
10.5,0,1.20945,1.11595,1.14177,-0.0657129,-0.0777544
10.5,1,-0.357721,-0.36444,-0.355881,0.00986835,0.00137965
10.55,0,1.21919,1.11303,1.13821,-0.052623,-0.0646644
10.55,1,-0.357868,-0.363738,-0.355796,0.0172772,0.00194662
10.6,0,1.22303,1.11076,1.1353,-0.039533,-0.0515745
10.6,1,-0.358519,-0.362723,-0.355691,0.0223823,0.00212212
10.65,0,1.22303,1.10914,1.13305,-0.0267049,-0.0384845
10.65,1,-0.358519,-0.361525,-0.355593,0.0248694,0.00180015
10.7,0,1.21967,1.10811,1.13145,-0.016102,-0.0253946
10.7,1,-0.357738,-0.360253,-0.355502,0.0256286,0.00187484
10.75,0,1.21948,1.10753,1.13051,-0.00811714,-0.0123046
10.75,1,-0.354575,-0.358993,-0.3554,0.0250264,0.0025186
10.8,0,1.22116,1.10728,1.13022,-0.00275027,0.000785317
10.8,1,-0.355544,-0.35772,-0.355228,0.0256285,0.00421475
10.85,0,1.22116,1.10723,1.13059,-1.405e-06,0.0138753
10.85,1,-0.355544,-0.356475,-0.355002,0.0239268,0.00474703
10.9,0,1.22124,1.10729,1.13161,0.00248567,0.0269652
10.9,1,-0.357205,-0.355387,-0.354772,0.0196071,0.00421748
10.95,0,1.22417,1.10754,1.13329,0.00759073,0.0400552
10.95,1,-0.357713,-0.354586,-0.354586,0.0126694,0.00312385
11,0,1.22244,1.10812,1.13562,0.0153138,0.0531451
11,1,-0.355053,-0.354162,-0.354457,0.00546986,0.00220728
11.05,0,1.22244,1.10916,1.1386,0.0256548,0.0662351
11.05,1,-0.355053,-0.354025,-0.354334,0.000888348,0.0028009
11.1,0,1.22186,1.11079,1.14223,0.0383521,0.0787752
11.1,1,-0.356788,-0.35406,-0.3542,-0.00217473,0.0023525
11.15,0,1.22107,1.11307,1.14643,0.051442,0.0888545
11.15,1,-0.362885,-0.354305,-0.354105,-0.00754165,0.00111061
11.2,0,1.2158,1.116,1.15107,0.064532,0.0963158
11.2,1,-0.370249,-0.354891,-0.354131,-0.0155266,-0.00258367
11.25,0,1.2158,1.11959,1.15602,0.0776219,0.101159
11.25,1,-0.370249,-0.355946,-0.354408,-0.0258153,-0.00889594
11.3,0,1.2126,1.12383,1.16115,0.0907119,0.103384
11.3,1,-0.377112,-0.357545,-0.355065,-0.0373083,-0.0177919
11.35,0,1.21075,1.12872,1.16632,0.103776,0.102992
11.35,1,-0.383101,-0.359728,-0.356192,-0.0491155,-0.0275572
11.4,0,1.20921,1.13424,1.1714,0.115164,0.0999808
11.4,1,-0.386375,-0.362513,-0.357811,-0.0610274,-0.0370532
11.45,0,1.21408,1.14025,1.17627,0.123987,0.0943521
11.45,1,-0.387558,-0.365874,-0.359866,-0.0718921,-0.0447008
11.5,0,1.21408,1.14669,1.18079,0.133019,0.0861054
11.5,1,-0.387558,-0.369706,-0.362239,-0.0801388,-0.0498611
11.55,0,1.21878,1.15357,1.18486,0.141527,0.0767166
11.55,1,-0.391144,-0.373895,-0.364834,-0.08671,-0.0540306
11.6,0,1.22131,1.16086,1.18851,0.149041,0.0697911
11.6,1,-0.392986,-0.378369,-0.367621,-0.0914486,-0.0572033
11.65,0,1.22131,1.16849,1.19188,0.155193,0.0653642
11.65,1,-0.392986,-0.383021,-0.370532,-0.0939357,-0.0590155
11.7,0,1.21887,1.17636,1.19503,0.158727,0.0602336
11.7,1,-0.394097,-0.387725,-0.373498,-0.0938049,-0.0594465
11.75,0,1.21748,1.18433,1.19789,0.159643,0.0541084
11.75,1,-0.395124,-0.39235,-0.376459,-0.091056,-0.0588528
11.8,0,1.20837,1.19228,1.20044,0.157942,0.0478037
11.8,1,-0.400019,-0.396771,-0.379374,-0.0862127,-0.0578509
11.85,0,1.20538,1.20007,1.20263,0.153622,0.0393803
11.85,1,-0.405919,-0.400931,-0.382275,-0.0803746,-0.0582383
11.9,0,1.20538,1.20757,1.20434,0.146684,0.028618
11.9,1,-0.405919,-0.404784,-0.385223,-0.07417,-0.0599525
11.95,0,1.18987,1.21465,1.20549,0.137129,0.0173007
11.95,1,-0.407501,-0.408279,-0.388256,-0.0660804,-0.0611331
12,0,1.18429,1.22118,1.20603,0.124981,0.00426079
12,1,-0.40427,-0.411302,-0.391316,-0.0554776,-0.0610006
12.05,0,1.18429,1.22707,1.20595,0.111891,-0.00738927
12.05,1,-0.40427,-0.413728,-0.394314,-0.0426494,-0.0584913
12.1,0,1.18429,1.23231,1.20534,0.0988012,-0.0164213
12.1,1,-0.40427,-0.415501,-0.397122,-0.029638,-0.0533639
12.15,0,1.18429,1.23689,1.20435,0.0857113,-0.0228354
12.15,1,-0.40427,-0.416666,-0.399607,-0.0185115,-0.0456186
12.2,0,1.18429,1.24081,1.2031,0.0726213,-0.0266315
12.2,1,-0.40427,-0.417347,-0.401656,-0.0100031,-0.0365271
12.25,0,1.18429,1.24408,1.20173,0.0595314,-0.0278095
12.25,1,-0.40427,-0.417674,-0.403285,-0.00411262,-0.0288646
12.3,0,1.18429,1.2467,1.20036,0.0464414,-0.0266086
12.3,1,-0.40427,-0.417779,-0.404564,-0.000840153,-0.0225081
12.35,0,1.18429,1.24866,1.19907,0.0333515,-0.0249778
12.35,1,-0.40427,-0.417768,-0.405554,0.00112332,-0.0172551
12.4,0,1.18429,1.24999,1.19786,0.0214396,-0.0233619
12.4,1,-0.40427,-0.417611,-0.406305,0.00518119,-0.0129327
12.45,0,1.18429,1.2508,1.19673,0.0121458,-0.0217801
12.45,1,-0.40427,-0.41718,-0.406861,0.011857,-0.00939384
12.5,0,1.18429,1.25121,1.19568,0.00546989,-0.020247
12.5,1,-0.40427,-0.416343,-0.407256,0.0209938,-0.00651312
12.55,0,1.18429,1.25136,1.19471,0.00141202,-0.018773
12.55,1,-0.40427,-0.415063,-0.407521,0.0289787,-0.00418397
12.6,0,1.18429,1.25138,1.19381,-8.02098e-05,-0.0173657
12.6,1,-0.40427,-0.413456,-0.407682,0.0343455,-0.0023159
12.65,0,1.18429,1.25133,1.19297,-0.00230548,-0.0160297
12.65,1,-0.40427,-0.411652,-0.407759,0.0370944,-0.000832161
12.7,0,1.18429,1.25109,1.1922,-0.00714875,-0.0147678
12.7,1,-0.40427,-0.409783,-0.40777,0.0372253,0.000332258
12.75,0,1.18429,1.25054,1.19149,-0.01461,-0.0135812
12.75,1,-0.40427,-0.407979,-0.40773,0.0347382,0.00123232
12.8,0,1.18429,1.24954,1.19084,-0.0246893,-0.0124695
12.8,1,-0.40427,-0.406372,-0.407651,0.0296331,0.00191441
12.85,0,1.18429,1.24797,1.19024,-0.0372294,-0.0114317
12.85,1,-0.40427,-0.405092,-0.407542,0.0219099,0.00241762
12.9,0,1.18429,1.24575,1.1897,-0.0503194,-0.0104657
12.9,1,-0.40427,-0.404255,-0.407412,0.0126684,0.00277483
12.95,0,1.18429,1.24287,1.1892,-0.0634093,-0.00956897
12.95,1,-0.40427,-0.403823,-0.407266,0.00573069,0.00301361
13,0,1.18429,1.23934,1.18874,-0.0762375,-0.00873863
13,1,-0.40427,-0.403666,-0.407112,0.00141097,0.00315705
13.05,0,1.18429,1.23523,1.18832,-0.0868403,-0.00797145
13.05,1,-0.40427,-0.403656,-0.406952,-0.000604909,0.0032244
13.1,0,1.18429,1.23066,1.18794,-0.0948252,-0.00726406
13.1,1,-0.40427,-0.403767,-0.40679,-0.00361563,0.00323169
13.15,0,1.18429,1.22576,1.18759,-0.100192,-0.00661301
13.15,1,-0.40427,-0.403991,-0.40663,-0.00479375,0.00319223
13.2,0,1.18429,1.22066,1.18728,-0.102941,-0.00601481
13.2,1,-0.40427,-0.404202,-0.406472,-0.00335388,0.00311698
13.25,0,1.18429,1.2155,1.18699,-0.103072,-0.00546604
13.25,1,-0.40427,-0.40427,-0.406318,0,0.00301499
13.3,0,1.18429,1.2104,1.18673,-0.100585,-0.00496333
13.3,1,-0.40427,-0.40427,-0.406171,0,0.00289364
13.35,0,1.18429,1.2055,1.1865,-0.09563,-0.00450343
13.35,1,-0.40427,-0.40427,-0.406029,0,0.00275894
13.4,0,1.18429,1.20092,1.18628,-0.0881393,-0.00408322
13.4,1,-0.40427,-0.40427,-0.405895,0,0.00261575
13.45,0,1.18429,1.19677,1.18609,-0.0782271,-0.0036997
13.45,1,-0.40427,-0.40427,-0.405768,0,0.00246798
13.5,0,1.18429,1.19318,1.18591,-0.0661846,-0.00335006
13.5,1,-0.40427,-0.40427,-0.405648,0,0.00231869
13.55,0,1.18429,1.19023,1.18575,-0.0531062,-0.00303162
13.55,1,-0.40427,-0.40427,-0.405536,0,0.00217032
13.6,0,1.18429,1.18794,1.18561,-0.0400163,-0.00274187
13.6,1,-0.40427,-0.40427,-0.405431,0,0.00202473
13.65,0,1.18429,1.18629,1.18548,-0.0271881,-0.00247845
13.65,1,-0.40427,-0.40427,-0.405333,0,0.00188334
13.7,0,1.18429,1.18524,1.18536,-0.0165853,-0.00223918
13.7,1,-0.40427,-0.40427,-0.405243,0,0.00174719
13.75,0,1.18429,1.18464,1.18525,-0.00860042,-0.002022
13.75,1,-0.40427,-0.40427,-0.405158,0,0.001617
13.8,0,1.18429,1.18436,1.18516,-0.00323355,-0.00182502
13.8,1,-0.40427,-0.40427,-0.405081,0,0.00149326
13.85,0,1.18429,1.18429,1.18507,0,-0.00164649
13.85,1,-0.40427,-0.40427,-0.405009,0,0.00137627
13.9,0,1.18429,1.18429,1.18499,0,-0.00148479
13.9,1,-0.40427,-0.40427,-0.404943,0,0.00126616
13.95,0,1.18429,1.18429,1.18492,0,-0.00133842
13.95,1,-0.40427,-0.40427,-0.404882,0,0.00116292
14,0,1.18429,1.18429,1.18486,0,-0.001206
14,1,-0.40427,-0.40427,-0.404827,0,0.00106647
14.05,0,1.18429,1.18429,1.1848,0,-0.00108628
14.05,1,-0.40427,-0.40427,-0.404776,0,0.000976634
14.1,0,1.18429,1.18429,1.18475,0,-0.000978085
14.1,1,-0.40427,-0.40427,-0.404729,0,0.000893198
14.15,0,1.18429,1.18429,1.1847,0,-0.000880366
14.15,1,-0.40427,-0.40427,-0.404686,0,0.000815898
14.2,0,1.18429,1.18429,1.18466,0,-0.000792148
14.2,1,-0.40427,-0.40427,-0.404647,0,0.000744445
14.25,0,1.18429,1.18429,1.18462,0,-0.000712543
14.25,1,-0.40427,-0.40427,-0.404612,0,0.000678533
14.3,0,1.18429,1.18429,1.18459,0,-0.000640743
14.3,1,-0.40427,-0.40427,-0.404579,0,0.000617845
14.35,0,1.18429,1.18429,1.18456,0,-0.000576009
14.35,1,-0.40427,-0.40427,-0.40455,0,0.000562066
14.4,0,1.18429,1.18429,1.18453,0,-0.00051767
14.4,1,-0.40427,-0.40427,-0.404523,0,0.000510877
14.45,0,1.18429,1.18429,1.18451,0,-0.000465113
14.45,1,-0.40427,-0.40427,-0.404499,0,0.000463972
14.5,0,1.18429,1.18429,1.18448,0,-0.000417783
14.5,1,-0.40427,-0.40427,-0.404476,0,0.000421049
14.55,0,1.18429,1.18429,1.18446,0,-0.000375175
14.55,1,-0.40427,-0.40427,-0.404456,0,0.000381819
14.6,0,1.18429,1.18429,1.18445,0,-0.000336831
14.6,1,-0.40427,-0.40427,-0.404438,0,0.000346007
14.65,0,1.18429,1.18429,1.18443,0,-0.000302336
14.65,1,-0.40427,-0.40427,-0.404422,0,0.00031335
14.7,0,1.18429,1.18429,1.18442,0,-0.000271312
14.7,1,-0.40427,-0.40427,-0.404407,0,0.000283602
14.75,0,1.18429,1.18429,1.1844,0,-0.000243419
14.75,1,-0.40427,-0.40427,-0.404393,0,0.000256527
14.8,0,1.18429,1.18429,1.18439,0,-0.000218347
14.8,1,-0.40427,-0.40427,-0.404381,0,0.000231909
14.85,0,1.18429,1.18429,1.18438,0,-0.000195819
14.85,1,-0.40427,-0.40427,-0.40437,0,0.000209544
14.9,0,1.18429,1.18429,1.18437,0,-0.00017558
14.9,1,-0.40427,-0.40427,-0.40436,0,0.00018924
14.95,0,1.18429,1.18429,1.18436,0,-0.000157404
14.95,1,-0.40427,-0.40427,-0.404351,0,0.000170822
15,0,1.18429,1.18429,1.18436,0,-0.000141084
15,1,-0.40427,-0.40427,-0.404343,0,0.000154127
15.05,0,1.18429,1.18429,1.18435,0,-0.000126433
15.05,1,-0.40427,-0.40427,-0.404336,0,0.000139002
15.1,0,1.18429,1.18429,1.18434,0,-0.000113284
15.1,1,-0.40427,-0.40427,-0.404329,0,0.00012531
15.15,0,1.18429,1.18429,1.18434,0,-0.000101486
15.15,1,-0.40427,-0.40427,-0.404323,0,0.000112922
15.2,0,1.18429,1.18429,1.18433,0,-9.09026e-05
15.2,1,-0.40427,-0.40427,-0.404318,0,0.00010172
15.25,0,1.18429,1.18429,1.18433,0,-8.14099e-05
15.25,1,-0.40427,-0.40427,-0.404313,0,9.15961e-05
15.3,0,1.18429,1.18429,1.18433,0,-7.28976e-05
15.3,1,-0.40427,-0.40427,-0.404309,0,8.2451e-05
15.35,0,1.18429,1.18429,1.18432,0,-6.52659e-05
15.35,1,-0.40427,-0.40427,-0.404305,0,7.41941e-05
15.4,0,1.18429,1.18429,1.18432,0,-5.84249e-05
15.4,1,-0.40427,-0.40427,-0.404301,0,6.67428e-05
15.45,0,1.18429,1.18429,1.18432,0,-5.22938e-05
15.45,1,-0.40427,-0.40427,-0.404298,0,6.00213e-05
15.5,0,1.18429,1.18429,1.18431,0,-4.67999e-05
15.5,1,-0.40427,-0.40427,-0.404295,0,5.39608e-05
15.55,0,1.18429,1.18429,1.18431,0,-4.18778e-05
15.55,1,-0.40427,-0.40427,-0.404293,0,4.84984e-05
15.6,0,1.18429,1.18429,1.18431,0,-3.74687e-05
15.6,1,-0.40427,-0.40427,-0.40429,0,4.35771e-05
15.65,0,1.18429,1.18429,1.18431,0,-3.35198e-05
15.65,1,-0.40427,-0.40427,-0.404288,0,3.91449e-05
15.7,0,1.18429,1.18429,1.18431,0,-2.99835e-05
15.7,1,-0.40427,-0.40427,-0.404286,0,3.51545e-05
15.75,0,1.18429,1.18429,1.1843,0,-2.68173e-05
15.75,1,-0.40427,-0.40427,-0.404285,0,3.15633e-05
15.8,0,1.18429,1.18429,1.1843,0,-2.39827e-05
15.8,1,-0.40427,-0.40427,-0.404283,0,2.83322e-05
15.85,0,1.18429,1.18429,1.1843,0,-2.14454e-05
15.85,1,-0.40427,-0.40427,-0.404282,0,2.54262e-05
15.9,0,1.18429,1.18429,1.1843,0,-1.91746e-05
15.9,1,-0.40427,-0.40427,-0.404281,0,2.28132e-05
15.95,0,1.18429,1.18429,1.1843,0,-1.71425e-05
15.95,1,-0.40427,-0.40427,-0.40428,0,2.04645e-05
16,0,1.18429,1.18429,1.1843,0,-1.53242e-05
16,1,-0.40427,-0.40427,-0.404279,0,1.83538e-05
16.05,0,1.18429,1.18429,1.1843,0,-1.36975e-05
16.05,1,-0.40427,-0.40427,-0.404278,0,1.64576e-05
16.1,0,1.18429,1.18429,1.1843,0,-1.22423e-05
16.1,1,-0.40427,-0.40427,-0.404277,0,1.47545e-05
16.15,0,1.18429,1.18429,1.1843,0,-1.09407e-05
16.15,1,-0.40427,-0.40427,-0.404276,0,1.32251e-05
16.2,0,1.18429,1.18429,1.1843,0,-9.77663e-06
16.2,1,-0.40427,-0.40427,-0.404276,0,1.18523e-05
16.25,0,1.18429,1.18429,1.1843,0,-8.73566e-06
16.25,1,-0.40427,-0.40427,-0.404275,0,1.062e-05
16.3,0,1.18429,1.18429,1.1843,0,-7.80488e-06
16.3,1,-0.40427,-0.40427,-0.404275,0,9.51436e-06
16.35,0,1.18429,1.18429,1.1843,0,-6.9727e-06
16.35,1,-0.40427,-0.40427,-0.404274,0,8.52243e-06
16.4,0,1.18429,1.18429,1.1843,0,-6.22876e-06
16.4,1,-0.40427,-0.40427,-0.404274,0,7.63271e-06
16.45,0,1.18429,1.18429,1.1843,0,-5.56377e-06
16.45,1,-0.40427,-0.40427,-0.404273,0,6.83485e-06
16.5,0,1.18429,1.18429,1.18429,0,-4.96939e-06
16.5,1,-0.40427,-0.40427,-0.404273,0,6.11949e-06
16.55,0,1.18429,1.18429,1.18429,0,-4.43819e-06
16.55,1,-0.40427,-0.40427,-0.404273,0,5.47823e-06
16.6,0,1.18429,1.18429,1.18429,0,-3.96349e-06
16.6,1,-0.40427,-0.40427,-0.404273,0,4.90349e-06
16.65,0,1.18429,1.18429,1.18429,0,-3.53931e-06
16.65,1,-0.40427,-0.40427,-0.404272,0,4.38847e-06
16.7,0,1.18429,1.18429,1.18429,0,-3.16032e-06
16.7,1,-0.40427,-0.40427,-0.404272,0,3.92703e-06
16.75,0,1.18429,1.18429,1.18429,0,-2.82172e-06
16.75,1,-0.40427,-0.40427,-0.404272,0,3.51366e-06
16.8,0,1.18429,1.18429,1.18429,0,-2.51924e-06
16.8,1,-0.40427,-0.40427,-0.404272,0,3.14343e-06
16.85,0,1.18429,1.18429,1.18429,0,-2.24904e-06
16.85,1,-0.40427,-0.40427,-0.404272,0,2.81188e-06
16.9,0,1.18429,1.18429,1.18429,0,-2.0077e-06
16.9,1,-0.40427,-0.40427,-0.404271,0,2.515e-06
16.95,0,1.18429,1.18429,1.18429,0,-1.79215e-06
16.95,1,-0.40427,-0.40427,-0.404271,0,2.24922e-06
17,0,1.18429,1.18429,1.18429,0,-1.59965e-06
17,1,-0.40427,-0.40427,-0.404271,0,2.01131e-06
17.05,0,1.18429,1.18429,1.18429,0,-1.42775e-06
17.05,1,-0.40427,-0.40427,-0.404271,0,1.79838e-06
17.1,0,1.18429,1.18429,1.18429,0,-1.27425e-06
17.1,1,-0.40427,-0.40427,-0.404271,0,1.60782e-06
17.15,0,1.18429,1.18429,1.18429,0,-1.13719e-06
17.15,1,-0.40427,-0.40427,-0.404271,0,1.43731e-06
17.2,0,1.18429,1.18429,1.18429,0,-1.01482e-06
17.2,1,-0.40427,-0.40427,-0.404271,0,1.28476e-06
17.25,0,1.18429,1.18429,1.18429,0,-9.05568e-07
17.25,1,-0.40427,-0.40427,-0.404271,0,1.14829e-06
17.3,0,1.18429,1.18429,1.18429,0,-8.08039e-07
17.3,1,-0.40427,-0.40427,-0.404271,0,1.02623e-06
17.35,0,1.18429,1.18429,1.18429,0,-7.2098e-07
17.35,1,-0.40427,-0.40427,-0.404271,0,9.17057e-07
17.4,0,1.18429,1.18429,1.18429,0,-6.43269e-07
17.4,1,-0.40427,-0.40427,-0.404271,0,8.19429e-07
17.45,0,1.18429,1.18429,1.18429,0,-5.73908e-07
17.45,1,-0.40427,-0.40427,-0.404271,0,7.32132e-07
17.5,0,1.18429,1.18429,1.18429,0,-5.12002e-07
17.5,1,-0.40427,-0.40427,-0.404271,0,6.54082e-07
17.55,0,1.18429,1.18429,1.18429,0,-4.56754e-07
17.55,1,-0.40427,-0.40427,-0.404271,0,5.84306e-07
17.6,0,1.18429,1.18429,1.18429,0,-4.0745e-07
17.6,1,-0.40427,-0.40427,-0.404271,0,5.21933e-07
17.65,0,1.18429,1.18429,1.18429,0,-3.63453e-07
17.65,1,-0.40427,-0.40427,-0.404271,0,4.66182e-07
17.7,0,1.18429,1.18429,1.18429,0,-3.24193e-07
17.7,1,-0.40427,-0.40427,-0.404271,0,4.16356e-07
17.75,0,1.18429,1.18429,1.18429,0,-2.89162e-07
17.75,1,-0.40427,-0.40427,-0.40427,0,3.71829e-07
17.8,0,1.18429,1.18429,1.18429,0,-2.57906e-07
17.8,1,-0.40427,-0.40427,-0.40427,0,3.32041e-07
17.85,0,1.18429,1.18429,1.18429,0,-2.3002e-07
17.85,1,-0.40427,-0.40427,-0.40427,0,2.9649e-07
17.9,0,1.18429,1.18429,1.18429,0,-2.05142e-07
17.9,1,-0.40427,-0.40427,-0.40427,0,2.64728e-07
17.95,0,1.18429,1.18429,1.18429,0,-1.82947e-07
17.95,1,-0.40427,-0.40427,-0.40427,0,2.36353e-07
18,0,1.18429,1.18429,1.18429,0,-1.63148e-07
18,1,-0.40427,-0.40427,-0.40427,0,2.11006e-07
18.05,0,1.18429,1.18429,1.18429,0,-1.45487e-07
18.05,1,-0.40427,-0.40427,-0.40427,0,1.88366e-07
18.1,0,1.18429,1.18429,1.18429,0,-1.29733e-07
18.1,1,-0.40427,-0.40427,-0.40427,0,1.68145e-07
18.15,0,1.18429,1.18429,1.18429,0,-1.15681e-07
18.15,1,-0.40427,-0.40427,-0.40427,0,1.50086e-07
18.2,0,1.18429,1.18429,1.18429,0,-1.03148e-07
18.2,1,-0.40427,-0.40427,-0.40427,0,1.33959e-07
18.25,0,1.18429,1.18429,1.18429,0,-9.19695e-08
18.25,1,-0.40427,-0.40427,-0.40427,0,1.19558e-07
18.3,0,1.18429,1.18429,1.18429,0,-8.2e-08
18.3,1,-0.40427,-0.40427,-0.40427,0,1.06699e-07
18.35,0,1.18429,1.18429,1.18429,0,-7.3109e-08
18.35,1,-0.40427,-0.40427,-0.40427,0,9.52186e-08
18.4,0,1.18429,1.18429,1.18429,0,-6.51801e-08
18.4,1,-0.40427,-0.40427,-0.40427,0,8.49689e-08
18.45,0,1.18429,1.18429,1.18429,0,-5.81094e-08
18.45,1,-0.40427,-0.40427,-0.40427,0,7.58187e-08
18.5,0,1.18429,1.18429,1.18429,0,-5.18043e-08
18.5,1,-0.40427,-0.40427,-0.40427,0,6.76506e-08
18.55,0,1.18429,1.18429,1.18429,0,-4.6182e-08
18.55,1,-0.40427,-0.40427,-0.40427,0,6.03595e-08
18.6,0,1.18429,1.18429,1.18429,0,-4.11688e-08
18.6,1,-0.40427,-0.40427,-0.40427,0,5.38517e-08
18.65,0,1.18429,1.18429,1.18429,0,-3.66988e-08
18.65,1,-0.40427,-0.40427,-0.40427,0,4.80434e-08
18.7,0,1.18429,1.18429,1.18429,0,-3.27133e-08
18.7,1,-0.40427,-0.40427,-0.40427,0,4.28596e-08
18.75,0,1.18429,1.18429,1.18429,0,-2.91599e-08
18.75,1,-0.40427,-0.40427,-0.40427,0,3.82335e-08
18.8,0,1.18429,1.18429,1.18429,0,-2.59918e-08
18.8,1,-0.40427,-0.40427,-0.40427,0,3.41053e-08
18.85,0,1.18429,1.18429,1.18429,0,-2.31673e-08
18.85,1,-0.40427,-0.40427,-0.40427,0,3.04215e-08
18.9,0,1.18429,1.18429,1.18429,0,-2.06493e-08
18.9,1,-0.40427,-0.40427,-0.40427,0,2.71345e-08
18.95,0,1.18429,1.18429,1.18429,0,-1.84046e-08
18.95,1,-0.40427,-0.40427,-0.40427,0,2.42018e-08
19,0,1.18429,1.18429,1.18429,0,-1.64034e-08
19,1,-0.40427,-0.40427,-0.40427,0,2.15851e-08
19.05,0,1.18429,1.18429,1.18429,0,-1.46196e-08
19.05,1,-0.40427,-0.40427,-0.40427,0,1.92507e-08
19.1,0,1.18429,1.18429,1.18429,0,-1.30294e-08
19.1,1,-0.40427,-0.40427,-0.40427,0,1.71681e-08
19.15,0,1.18429,1.18429,1.18429,0,-1.1612e-08
19.15,1,-0.40427,-0.40427,-0.40427,0,1.53102e-08
19.2,0,1.18429,1.18429,1.18429,0,-1.03485e-08
19.2,1,-0.40427,-0.40427,-0.40427,0,1.36529e-08
19.25,0,1.18429,1.18429,1.18429,0,-9.22237e-09
19.25,1,-0.40427,-0.40427,-0.40427,0,1.21746e-08
19.3,0,1.18429,1.18429,1.18429,0,-8.21859e-09
19.3,1,-0.40427,-0.40427,-0.40427,0,1.0856e-08
19.35,0,1.18429,1.18429,1.18429,0,-7.32392e-09
19.35,1,-0.40427,-0.40427,-0.40427,0,9.67991e-09
19.4,0,1.18429,1.18429,1.18429,0,-6.52652e-09
19.4,1,-0.40427,-0.40427,-0.40427,0,8.63094e-09
19.45,0,1.18429,1.18429,1.18429,0,-5.81583e-09
19.45,1,-0.40427,-0.40427,-0.40427,0,7.69541e-09
19.5,0,1.18429,1.18429,1.18429,0,-5.18244e-09
19.5,1,-0.40427,-0.40427,-0.40427,0,6.86106e-09
19.55,0,1.18429,1.18429,1.18429,0,-4.61794e-09
19.55,1,-0.40427,-0.40427,-0.40427,0,6.117e-09
19.6,0,1.18429,1.18429,1.18429,0,-4.11486e-09
19.6,1,-0.40427,-0.40427,-0.40427,0,5.45347e-09
19.65,0,1.18429,1.18429,1.18429,0,-3.66652e-09
19.65,1,-0.40427,-0.40427,-0.40427,0,4.86177e-09
19.7,0,1.18429,1.18429,1.18429,0,-3.26698e-09
19.7,1,-0.40427,-0.40427,-0.40427,0,4.33415e-09
19.75,0,1.18429,1.18429,1.18429,0,-2.91092e-09
19.75,1,-0.40427,-0.40427,-0.40427,0,3.86369e-09
19.8,0,1.18429,1.18429,1.18429,0,-2.59363e-09
19.8,1,-0.40427,-0.40427,-0.40427,0,3.4442e-09
19.85,0,1.18429,1.18429,1.18429,0,-2.31089e-09
19.85,1,-0.40427,-0.40427,-0.40427,0,3.07017e-09
19.9,0,1.18429,1.18429,1.18429,0,-2.05894e-09
19.9,1,-0.40427,-0.40427,-0.40427,0,2.7367e-09
19.95,0,1.18429,1.18429,1.18429,0,-1.83443e-09
19.95,1,-0.40427,-0.40427,-0.40427,0,2.43938e-09
20,0,1.18429,1.18429,1.18429,0,-1.63438e-09
20,1,-0.40427,-0.40427,-0.40427,0,2.17431e-09
20.05,0,1.18429,1.18429,1.18429,0,-1.45613e-09
20.05,1,-0.40427,-0.40427,-0.40427,0,1.938e-09
20.1,0,1.18429,1.18429,1.18429,0,-1.29729e-09
20.1,1,-0.40427,-0.40427,-0.40427,0,1.72733e-09
20.15,0,1.18429,1.18429,1.18429,0,-1.15577e-09
20.15,1,-0.40427,-0.40427,-0.40427,0,1.53953e-09
20.2,0,1.18429,1.18429,1.18429,0,-1.02967e-09
20.2,1,-0.40427,-0.40427,-0.40427,0,1.37211e-09
20.25,0,1.18429,1.18429,1.18429,0,-9.17319e-10
20.25,1,-0.40427,-0.40427,-0.40427,0,1.22287e-09
20.3,0,1.18429,1.18429,1.18429,0,-8.17215e-10
20.3,1,-0.40427,-0.40427,-0.40427,0,1.08985e-09
20.35,0,1.18429,1.18429,1.18429,0,-7.28025e-10
20.35,1,-0.40427,-0.40427,-0.40427,0,9.71269e-10
20.4,0,1.18429,1.18429,1.18429,0,-6.48562e-10
20.4,1,-0.40427,-0.40427,-0.40427,0,8.65575e-10
20.45,0,1.18429,1.18429,1.18429,0,-5.77765e-10
20.45,1,-0.40427,-0.40427,-0.40427,0,7.71367e-10
20.5,0,1.18429,1.18429,1.18429,0,-5.1469e-10
20.5,1,-0.40427,-0.40427,-0.40427,0,6.874e-10
20.55,0,1.18429,1.18429,1.18429,0,-4.58496e-10
20.55,1,-0.40427,-0.40427,-0.40427,0,6.12561e-10
20.6,0,1.18429,1.18429,1.18429,0,-4.08432e-10
20.6,1,-0.40427,-0.40427,-0.40427,0,5.4586e-10
20.65,0,1.18429,1.18429,1.18429,0,-3.63831e-10
20.65,1,-0.40427,-0.40427,-0.40427,0,4.86412e-10
20.7,0,1.18429,1.18429,1.18429,0,-3.24097e-10
20.7,1,-0.40427,-0.40427,-0.40427,0,4.33432e-10
20.75,0,1.18429,1.18429,1.18429,0,-2.88699e-10
20.75,1,-0.40427,-0.40427,-0.40427,0,3.86215e-10
20.8,0,1.18429,1.18429,1.18429,0,-2.57165e-10
20.8,1,-0.40427,-0.40427,-0.40427,0,3.44136e-10
20.85,0,1.18429,1.18429,1.18429,0,-2.29073e-10
20.85,1,-0.40427,-0.40427,-0.40427,0,3.06636e-10
20.9,0,1.18429,1.18429,1.18429,0,-2.04047e-10
20.9,1,-0.40427,-0.40427,-0.40427,0,2.73218e-10
20.95,0,1.18429,1.18429,1.18429,0,-1.81754e-10
20.95,1,-0.40427,-0.40427,-0.40427,0,2.43438e-10
21,0,1.18429,1.18429,1.18429,0,-1.61894e-10
21,1,-0.40427,-0.40427,-0.40427,0,2.16901e-10
21.05,0,1.18429,1.18429,1.18429,0,-1.44204e-10
21.05,1,-0.40427,-0.40427,-0.40427,0,1.93254e-10
21.1,0,1.18429,1.18429,1.18429,0,-1.28445e-10
21.1,1,-0.40427,-0.40427,-0.40427,0,1.72182e-10
21.15,0,1.18429,1.18429,1.18429,0,-1.14407e-10
21.15,1,-0.40427,-0.40427,-0.40427,0,1.53405e-10
21.2,0,1.18429,1.18429,1.18429,0,-1.01903e-10
21.2,1,-0.40427,-0.40427,-0.40427,0,1.36674e-10
21.25,0,1.18429,1.18429,1.18429,0,-9.07643e-11
21.25,1,-0.40427,-0.40427,-0.40427,0,1.21766e-10
21.3,0,1.18429,1.18429,1.18429,0,-8.08425e-11
21.3,1,-0.40427,-0.40427,-0.40427,0,1.08483e-10
21.35,0,1.18429,1.18429,1.18429,0,-7.20047e-11
21.35,1,-0.40427,-0.40427,-0.40427,0,9.66473e-11
21.4,0,1.18429,1.18429,1.18429,0,-6.41326e-11
21.4,1,-0.40427,-0.40427,-0.40427,0,8.61018e-11
21.45,0,1.18429,1.18429,1.18429,0,-5.71206e-11
21.45,1,-0.40427,-0.40427,-0.40427,0,7.6706e-11
21.5,0,1.18429,1.18429,1.18429,0,-5.08749e-11
21.5,1,-0.40427,-0.40427,-0.40427,0,6.83347e-11
21.55,0,1.18429,1.18429,1.18429,0,-4.53117e-11
21.55,1,-0.40427,-0.40427,-0.40427,0,6.08762e-11
21.6,0,1.18429,1.18429,1.18429,0,-4.03567e-11
21.6,1,-0.40427,-0.40427,-0.40427,0,5.42311e-11
21.65,0,1.18429,1.18429,1.18429,0,-3.59432e-11
21.65,1,-0.40427,-0.40427,-0.40427,0,4.83108e-11
21.7,0,1.18429,1.18429,1.18429,0,-3.20121e-11
21.7,1,-0.40427,-0.40427,-0.40427,0,4.30363e-11
21.75,0,1.18429,1.18429,1.18429,0,-2.85108e-11
21.75,1,-0.40427,-0.40427,-0.40427,0,3.83372e-11
21.8,0,1.18429,1.18429,1.18429,0,-2.53924e-11
21.8,1,-0.40427,-0.40427,-0.40427,0,3.41508e-11
21.85,0,1.18429,1.18429,1.18429,0,-2.26149e-11
21.85,1,-0.40427,-0.40427,-0.40427,0,3.04212e-11
21.9,0,1.18429,1.18429,1.18429,0,-2.01412e-11
21.9,1,-0.40427,-0.40427,-0.40427,0,2.70987e-11
21.95,0,1.18429,1.18429,1.18429,0,-1.79379e-11
21.95,1,-0.40427,-0.40427,-0.40427,0,2.41388e-11
22,0,1.18429,1.18429,1.18429,0,-1.59755e-11
22,1,-0.40427,-0.40427,-0.40427,0,2.1502e-11
22.05,0,1.18429,1.18429,1.18429,0,-1.42276e-11
22.05,1,-0.40427,-0.40427,-0.40427,0,1.9153e-11
22.1,0,1.18429,1.18429,1.18429,0,-1.26709e-11
22.1,1,-0.40427,-0.40427,-0.40427,0,1.70605e-11
22.15,0,1.18429,1.18429,1.18429,0,-1.12844e-11
22.15,1,-0.40427,-0.40427,-0.40427,0,1.51964e-11
22.2,0,1.18429,1.18429,1.18429,0,-1.00494e-11
22.2,1,-0.40427,-0.40427,-0.40427,0,1.35359e-11
22.25,0,1.18429,1.18429,1.18429,0,-8.9496e-12
22.25,1,-0.40427,-0.40427,-0.40427,0,1.20567e-11
22.3,0,1.18429,1.18429,1.18429,0,-7.9701e-12
22.3,1,-0.40427,-0.40427,-0.40427,0,1.0739e-11
22.35,0,1.18429,1.18429,1.18429,0,-7.09779e-12
22.35,1,-0.40427,-0.40427,-0.40427,0,9.56531e-12
22.4,0,1.18429,1.18429,1.18429,0,-6.32095e-12
22.4,1,-0.40427,-0.40427,-0.40427,0,8.51977e-12
22.45,0,1.18429,1.18429,1.18429,0,-5.62905e-12
22.45,1,-0.40427,-0.40427,-0.40427,0,7.58844e-12
22.5,0,1.18429,1.18429,1.18429,0,-5.01288e-12
22.5,1,-0.40427,-0.40427,-0.40427,0,6.75887e-12
22.55,0,1.18429,1.18429,1.18429,0,-4.4641e-12
22.55,1,-0.40427,-0.40427,-0.40427,0,6.01996e-12
22.6,0,1.18429,1.18429,1.18429,0,-3.9754e-12
22.6,1,-0.40427,-0.40427,-0.40427,0,5.36178e-12
22.65,0,1.18429,1.18429,1.18429,0,-3.5402e-12
22.65,1,-0.40427,-0.40427,-0.40427,0,4.77553e-12
22.7,0,1.18429,1.18429,1.18429,0,-3.15267e-12
22.7,1,-0.40427,-0.40427,-0.40427,0,4.25332e-12
22.75,0,1.18429,1.18429,1.18429,0,-2.80755e-12
22.75,1,-0.40427,-0.40427,-0.40427,0,3.78819e-12
22.8,0,1.18429,1.18429,1.18429,0,-2.50019e-12
22.8,1,-0.40427,-0.40427,-0.40427,0,3.37392e-12
22.85,0,1.18429,1.18429,1.18429,0,-2.22647e-12
22.85,1,-0.40427,-0.40427,-0.40427,0,3.00494e-12
22.9,0,1.18429,1.18429,1.18429,0,-1.98272e-12
22.9,1,-0.40427,-0.40427,-0.40427,0,2.6763e-12
22.95,0,1.18429,1.18429,1.18429,0,-1.76573e-12
22.95,1,-0.40427,-0.40427,-0.40427,0,2.3836e-12
23,0,1.18429,1.18429,1.18429,0,-1.5725e-12
23,1,-0.40427,-0.40427,-0.40427,0,2.1229e-12
23.05,0,1.18429,1.18429,1.18429,0,-1.40041e-12
23.05,1,-0.40427,-0.40427,-0.40427,0,1.8907e-12
23.1,0,1.18429,1.18429,1.18429,0,-1.24716e-12
23.1,1,-0.40427,-0.40427,-0.40427,0,1.68391e-12
23.15,0,1.18429,1.18429,1.18429,0,-1.11064e-12
23.15,1,-0.40427,-0.40427,-0.40427,0,1.49971e-12
23.2,0,1.18429,1.18429,1.18429,0,-9.89079e-13
23.2,1,-0.40427,-0.40427,-0.40427,0,1.33567e-12
23.25,0,1.18429,1.18429,1.18429,0,-8.80838e-13
23.25,1,-0.40427,-0.40427,-0.40427,0,1.18955e-12
23.3,0,1.18429,1.18429,1.18429,0,-7.84472e-13
23.3,1,-0.40427,-0.40427,-0.40427,0,1.0594e-12
23.35,0,1.18429,1.18429,1.18429,0,-6.98635e-13
23.35,1,-0.40427,-0.40427,-0.40427,0,9.43471e-13
23.4,0,1.18429,1.18429,1.18429,0,-6.22194e-13
23.4,1,-0.40427,-0.40427,-0.40427,0,8.40209e-13
23.45,0,1.18429,1.18429,1.18429,0,-5.54131e-13
23.45,1,-0.40427,-0.40427,-0.40427,0,7.48235e-13
23.5,0,1.18429,1.18429,1.18429,0,-4.935e-13
23.5,1,-0.40427,-0.40427,-0.40427,0,6.66323e-13
23.55,0,1.18429,1.18429,1.18429,0,-4.39507e-13
23.55,1,-0.40427,-0.40427,-0.40427,0,5.93373e-13
23.6,0,1.18429,1.18429,1.18429,0,-3.91397e-13
23.6,1,-0.40427,-0.40427,-0.40427,0,5.28402e-13
23.65,0,1.18429,1.18429,1.18429,0,-3.48543e-13
23.65,1,-0.40427,-0.40427,-0.40427,0,4.70542e-13
23.7,0,1.18429,1.18429,1.18429,0,-3.10376e-13
23.7,1,-0.40427,-0.40427,-0.40427,0,4.19005e-13
23.75,0,1.18429,1.18429,1.18429,0,-2.76383e-13
23.75,1,-0.40427,-0.40427,-0.40427,0,3.73109e-13
23.8,0,1.18429,1.18429,1.18429,0,-2.46148e-13
23.8,1,-0.40427,-0.40427,-0.40427,0,3.32238e-13
23.85,0,1.18429,1.18429,1.18429,0,-2.19187e-13
23.85,1,-0.40427,-0.40427,-0.40427,0,2.9585e-13
23.9,0,1.18429,1.18429,1.18429,0,-1.95153e-13
23.9,1,-0.40427,-0.40427,-0.40427,0,2.63457e-13
23.95,0,1.18429,1.18429,1.18429,0,-1.738e-13
23.95,1,-0.40427,-0.40427,-0.40427,0,2.34606e-13
24,0,1.18429,1.18429,1.18429,0,-1.5474e-13
24,1,-0.40427,-0.40427,-0.40427,0,2.08899e-13
24.05,0,1.18429,1.18429,1.18429,0,-1.37753e-13
24.05,1,-0.40427,-0.40427,-0.40427,0,1.86014e-13
24.1,0,1.18429,1.18429,1.18429,0,-1.22702e-13
24.1,1,-0.40427,-0.40427,-0.40427,0,1.65641e-13
24.15,0,1.18429,1.18429,1.18429,0,-1.09156e-13
24.15,1,-0.40427,-0.40427,-0.40427,0,1.47501e-13
24.2,0,1.18429,1.18429,1.18429,0,-9.71312e-14
24.2,1,-0.40427,-0.40427,-0.40427,0,1.31347e-13
24.25,0,1.18429,1.18429,1.18429,0,-8.65545e-14
24.25,1,-0.40427,-0.40427,-0.40427,0,1.16969e-13
24.3,0,1.18429,1.18429,1.18429,0,-7.71019e-14
24.3,1,-0.40427,-0.40427,-0.40427,0,1.04168e-13
24.35,0,1.18429,1.18429,1.18429,0,-6.85219e-14
24.35,1,-0.40427,-0.40427,-0.40427,0,9.27666e-14
24.4,0,1.18429,1.18429,1.18429,0,-6.08043e-14
24.4,1,-0.40427,-0.40427,-0.40427,0,8.26074e-14
24.45,0,1.18429,1.18429,1.18429,0,-5.41753e-14
24.45,1,-0.40427,-0.40427,-0.40427,0,7.35675e-14
24.5,0,1.18429,1.18429,1.18429,0,-4.84082e-14
24.5,1,-0.40427,-0.40427,-0.40427,0,6.55094e-14
24.55,0,1.18429,1.18429,1.18429,0,-4.33103e-14
24.55,1,-0.40427,-0.40427,-0.40427,0,5.83284e-14
24.6,0,1.18429,1.18429,1.18429,0,-3.87318e-14
24.6,1,-0.40427,-0.40427,-0.40427,0,5.19474e-14
24.65,0,1.18429,1.18429,1.18429,0,-3.45566e-14
24.65,1,-0.40427,-0.40427,-0.40427,0,4.62525e-14
24.7,0,1.18429,1.18429,1.18429,0,-3.06944e-14
24.7,1,-0.40427,-0.40427,-0.40427,0,4.12022e-14
24.75,0,1.18429,1.18429,1.18429,0,-2.70753e-14
24.75,1,-0.40427,-0.40427,-0.40427,0,3.66775e-14
24.8,0,1.18429,1.18429,1.18429,0,-2.36448e-14
24.8,1,-0.40427,-0.40427,-0.40427,0,3.26779e-14
24.85,0,1.18429,1.18429,1.18429,0,-2.04615e-14
24.85,1,-0.40427,-0.40427,-0.40427,0,2.91072e-14
24.9,0,1.18429,1.18429,1.18429,0,-1.79336e-14
24.9,1,-0.40427,-0.40427,-0.40427,0,2.58948e-14
24.95,0,1.18429,1.18429,1.18429,0,-1.5971e-14
24.95,1,-0.40427,-0.40427,-0.40427,0,2.30763e-14
25,0,1.18429,1.18429,1.18429,0,-1.44475e-14
25,1,-0.40427,-0.40427,-0.40427,0,2.05778e-14
25.05,0,1.18429,1.18429,1.18429,0,-1.32647e-14
25.05,1,-0.40427,-0.40427,-0.40427,0,1.83278e-14
25.1,0,1.18429,1.18429,1.18429,0,-1.23464e-14
25.1,1,-0.40427,-0.40427,-0.40427,0,1.62723e-14
25.15,0,1.18429,1.18429,1.18429,0,-1.16336e-14
25.15,1,-0.40427,-0.40427,-0.40427,0,1.44686e-14
25.2,0,1.18429,1.18429,1.18429,0,-1.10802e-14
25.2,1,-0.40427,-0.40427,-0.40427,0,1.29131e-14
25.25,0,1.18429,1.18429,1.18429,0,-1.06505e-14
25.25,1,-0.40427,-0.40427,-0.40427,0,1.15503e-14
25.3,0,1.18429,1.18429,1.18429,0,-1.0317e-14
25.3,1,-0.40427,-0.40427,-0.40427,0,1.03372e-14
25.35,0,1.18429,1.18429,1.18429,0,-1.00581e-14
25.35,1,-0.40427,-0.40427,-0.40427,0,9.24016e-15
25.4,0,1.18429,1.18429,1.18429,0,-9.85704e-15
25.4,1,-0.40427,-0.40427,-0.40427,0,8.23331e-15
25.45,0,1.18429,1.18429,1.18429,0,-9.70099e-15
25.45,1,-0.40427,-0.40427,-0.40427,0,7.29646e-15
25.5,0,1.18429,1.18429,1.18429,0,-9.57984e-15
25.5,1,-0.40427,-0.40427,-0.40427,0,6.41395e-15
25.55,0,1.18429,1.18429,1.18429,0,-9.48578e-15
25.55,1,-0.40427,-0.40427,-0.40427,0,5.57363e-15
25.6,0,1.18429,1.18429,1.18429,0,-9.41277e-15
25.6,1,-0.40427,-0.40427,-0.40427,0,4.83914e-15
25.65,0,1.18429,1.18429,1.18429,0,-9.35608e-15
25.65,1,-0.40427,-0.40427,-0.40427,0,4.26894e-15
25.7,0,1.18429,1.18429,1.18429,0,-9.31208e-15
25.7,1,-0.40427,-0.40427,-0.40427,0,3.82627e-15
25.75,0,1.18429,1.18429,1.18429,0,-9.27792e-15
25.75,1,-0.40427,-0.40427,-0.40427,0,3.48262e-15
25.8,0,1.18429,1.18429,1.18429,0,-9.25139e-15
25.8,1,-0.40427,-0.40427,-0.40427,0,3.21583e-15
25.85,0,1.18429,1.18429,1.18429,0,-9.2308e-15
25.85,1,-0.40427,-0.40427,-0.40427,0,3.00871e-15
25.9,0,1.18429,1.18429,1.18429,0,-9.21482e-15
25.9,1,-0.40427,-0.40427,-0.40427,0,2.84792e-15
25.95,0,1.18429,1.18429,1.18429,0,-9.20241e-15
25.95,1,-0.40427,-0.40427,-0.40427,0,2.72309e-15
26,0,1.18429,1.18429,1.18429,0,-9.19278e-15
26,1,-0.40427,-0.40427,-0.40427,0,2.62618e-15
26.05,0,1.18429,1.18429,1.18429,0,-9.1853e-15
26.05,1,-0.40427,-0.40427,-0.40427,0,2.55095e-15
26.1,0,1.18429,1.18429,1.18429,0,-9.17949e-15
26.1,1,-0.40427,-0.40427,-0.40427,0,2.49255e-15
26.15,0,1.18429,1.18429,1.18429,0,-9.17498e-15
26.15,1,-0.40427,-0.40427,-0.40427,0,2.44721e-15
26.2,0,1.18429,1.18429,1.18429,0,-9.17149e-15
26.2,1,-0.40427,-0.40427,-0.40427,0,2.41201e-15
26.25,0,1.18429,1.18429,1.18429,0,-9.16877e-15
26.25,1,-0.40427,-0.40427,-0.40427,0,2.38468e-15
26.3,0,1.18429,1.18429,1.18429,0,-9.16666e-15
26.3,1,-0.40427,-0.40427,-0.40427,0,2.36347e-15
26.35,0,1.18429,1.18429,1.18429,0,-9.16502e-15
26.35,1,-0.40427,-0.40427,-0.40427,0,2.347e-15
26.4,0,1.18429,1.18429,1.18429,0,-9.16375e-15
26.4,1,-0.40427,-0.40427,-0.40427,0,2.33421e-15
26.45,0,1.18429,1.18429,1.18429,0,-9.16276e-15
26.45,1,-0.40427,-0.40427,-0.40427,0,2.32429e-15
26.5,0,1.18429,1.18429,1.18429,0,-9.162e-15
26.5,1,-0.40427,-0.40427,-0.40427,0,2.31658e-15
26.55,0,1.18429,1.18429,1.18429,0,-9.1614e-15
26.55,1,-0.40427,-0.40427,-0.40427,0,2.3106e-15
26.6,0,1.18429,1.18429,1.18429,0,-9.16094e-15
26.6,1,-0.40427,-0.40427,-0.40427,0,2.30595e-15
26.65,0,1.18429,1.18429,1.18429,0,-9.16058e-15
26.65,1,-0.40427,-0.40427,-0.40427,0,2.30235e-15
26.7,0,1.18429,1.18429,1.18429,0,-9.16031e-15
26.7,1,-0.40427,-0.40427,-0.40427,0,2.29955e-15
26.75,0,1.18429,1.18429,1.18429,0,-9.16009e-15
26.75,1,-0.40427,-0.40427,-0.40427,0,2.29738e-15
26.8,0,1.18429,1.18429,1.18429,0,-9.15992e-15
26.8,1,-0.40427,-0.40427,-0.40427,0,2.29569e-15
26.85,0,1.18429,1.18429,1.18429,0,-9.15979e-15
26.85,1,-0.40427,-0.40427,-0.40427,0,2.29438e-15
26.9,0,1.18429,1.18429,1.18429,0,-9.15969e-15
26.9,1,-0.40427,-0.40427,-0.40427,0,2.29336e-15
26.95,0,1.18429,1.18429,1.18429,0,-9.15961e-15
26.95,1,-0.40427,-0.40427,-0.40427,0,2.29257e-15
