t_ns,rx_ns,axis,trial_id,phase,drive_mode,q_ref_rad,v_ref_rad_s,q_rad,v_est_rad_s,clamped,guard_action,u_applied_a,iq_a,temperature_c,bus_voltage_v
1000000000,999000000,yaw,SYNTHETIC_ONLY_01,start,current,0.0,0.08726646259971647,0.0,0,1,RUN,0.4,,,24.0
1000000000,999000000,pitch,SYNTHETIC_ONLY_01,start,speed,0.0,0.08726646259971647,0.0,0,0,RUN,,,,24.0
1005000000,1004000000,yaw,SYNTHETIC_ONLY_01,start,current,0.0004363323129985824,0.08726646259971647,0.0,0,1,RUN,0.4,,,24.0
1005000000,999000000,pitch,SYNTHETIC_ONLY_01,start,speed,0.0004363323129985824,0.08726646259971647,0.0,0,0,RUN,,,,24.0
1010000000,1009000000,yaw,SYNTHETIC_ONLY_01,start,current,0.0008726646259971648,0.08726646259971647,0.0,0,1,RUN,0.4,,,24.0
1010000000,999000000,pitch,SYNTHETIC_ONLY_01,start,speed,0.0008726646259971648,0.08726646259971647,0.0,0,0,RUN,,,,24.0
1015000000,1014000000,yaw,SYNTHETIC_ONLY_01,start,current,0.001308996938995747,0.08726646259971647,0.0,0,1,RUN,0.4,,,24.0
1015000000,999000000,pitch,SYNTHETIC_ONLY_01,start,speed,0.001308996938995747,0.08726646259971647,0.0,0,0,RUN,,,,24.0
1020000000,1019000000,yaw,SYNTHETIC_ONLY_01,start,current,0.0017453292519943296,0.08726646259971647,0.0,0,1,RUN,0.4,,,24.0
1020000000,1019000000,pitch,SYNTHETIC_ONLY_01,start,speed,0.0017453292519943296,0.08726646259971647,0.0,0,0,RUN,,,,24.0
1025000000,1024000000,yaw,SYNTHETIC_ONLY_01,start,current,0.002181661564992912,0.08726646259971647,0.0,0,1,RUN,0.4,,,24.0
1025000000,1019000000,pitch,SYNTHETIC_ONLY_01,start,speed,0.002181661564992912,0.08726646259971647,0.0,0,0,RUN,,,,24.0
1030000000,1029000000,yaw,SYNTHETIC_ONLY_01,start,current,0.002617993877991494,0.08726646259971647,0.0,0,1,RUN,0.4,,,24.0
1030000000,1019000000,pitch,SYNTHETIC_ONLY_01,start,speed,0.002617993877991494,0.08726646259971647,0.0,0,0,RUN,,,,24.0
1035000000,1034000000,yaw,SYNTHETIC_ONLY_01,start,current,0.003054326190990077,0.08726646259971647,0.0,0,1,RUN,0.4,,,24.0
1035000000,1019000000,pitch,SYNTHETIC_ONLY_01,start,speed,0.003054326190990077,0.08726646259971647,0.0,0,0,RUN,,,,24.0
1040000000,1039000000,yaw,SYNTHETIC_ONLY_01,start,current,0.003490658503988659,0.08726646259971647,0.0,0,1,RUN,0.4,,,24.0
1040000000,1039000000,pitch,SYNTHETIC_ONLY_01,start,speed,0.003490658503988659,0.08726646259971647,0.0,0,0,RUN,,,,24.0
1045000000,1044000000,yaw,SYNTHETIC_ONLY_01,start,current,0.003926990816987241,0.08726646259971647,0.0,0,1,RUN,0.4,,,24.0
1045000000,1039000000,pitch,SYNTHETIC_ONLY_01,start,speed,0.003926990816987241,0.08726646259971647,0.0,0,0,RUN,,,,24.0
1050000000,1049000000,yaw,SYNTHETIC_ONLY_01,start,current,0.004363323129985824,0.08726646259971647,0.0,0.08726646259971647,0,RUN,0.15,,,24.0
1050000000,1039000000,pitch,SYNTHETIC_ONLY_01,start,speed,0.004363323129985824,0.08726646259971647,0.0,0.08726646259971647,0,RUN,,,,24.0
1055000000,1054000000,yaw,SYNTHETIC_ONLY_01,start,current,0.004799655442984406,0.08726646259971647,0.0004363323129985821,0.08726646259971647,0,RUN,0.15,,,24.0
1055000000,1039000000,pitch,SYNTHETIC_ONLY_01,start,speed,0.004799655442984406,0.08726646259971647,0.0004363323129985821,0.08726646259971647,0,RUN,,,,24.0
1060000000,1059000000,yaw,SYNTHETIC_ONLY_01,start,current,0.005235987755982988,0.08726646259971647,0.0008726646259971643,0.08726646259971647,0,RUN,0.15,,,24.0
1060000000,1059000000,pitch,SYNTHETIC_ONLY_01,start,speed,0.005235987755982988,0.08726646259971647,0.0008726646259971643,0.08726646259971647,0,RUN,,,,24.0
1065000000,1064000000,yaw,SYNTHETIC_ONLY_01,start,current,0.005672320068981571,0.08726646259971647,0.001308996938995747,0.08726646259971647,0,RUN,0.15,,,24.0
1065000000,1059000000,pitch,SYNTHETIC_ONLY_01,start,speed,0.005672320068981571,0.08726646259971647,0.001308996938995747,0.08726646259971647,0,RUN,,,,24.0
1070000000,1069000000,yaw,SYNTHETIC_ONLY_01,start,current,0.006108652381980154,0.08726646259971647,0.0017453292519943298,0.08726646259971647,0,RUN,0.15,,,24.0
1070000000,1059000000,pitch,SYNTHETIC_ONLY_01,start,speed,0.006108652381980154,0.08726646259971647,0.0017453292519943298,0.08726646259971647,0,RUN,,,,24.0
1075000000,1074000000,yaw,SYNTHETIC_ONLY_01,start,current,0.006544984694978735,0.08726646259971647,0.0021816615649929115,0.08726646259971647,0,RUN,0.15,,,24.0
1075000000,1059000000,pitch,SYNTHETIC_ONLY_01,start,speed,0.006544984694978735,0.08726646259971647,0.0021816615649929115,0.08726646259971647,0,RUN,,,,24.0
1080000000,1079000000,yaw,SYNTHETIC_ONLY_01,start,current,0.006981317007977318,0.08726646259971647,0.002617993877991494,0.08726646259971647,0,RUN,0.15,,,24.0
1080000000,1079000000,pitch,SYNTHETIC_ONLY_01,start,speed,0.006981317007977318,0.08726646259971647,0.002617993877991494,0.08726646259971647,0,RUN,,,,24.0
1085000000,1084000000,yaw,SYNTHETIC_ONLY_01,start,current,0.0074176493209759005,0.08726646259971647,0.003054326190990077,0.08726646259971647,0,RUN,0.15,,,24.0
1085000000,1079000000,pitch,SYNTHETIC_ONLY_01,start,speed,0.0074176493209759005,0.08726646259971647,0.003054326190990077,0.08726646259971647,0,RUN,,,,24.0
1090000000,1089000000,yaw,SYNTHETIC_ONLY_01,start,current,0.007853981633974482,0.08726646259971647,0.0034906585039886583,0.08726646259971647,0,RUN,0.15,,,24.0
1090000000,1079000000,pitch,SYNTHETIC_ONLY_01,start,speed,0.007853981633974482,0.08726646259971647,0.0034906585039886583,0.08726646259971647,0,RUN,,,,24.0
1095000000,1094000000,yaw,SYNTHETIC_ONLY_01,start,current,0.008290313946973065,0.08726646259971647,0.003926990816987241,0.08726646259971647,0,RUN,0.15,,,24.0
1095000000,1079000000,pitch,SYNTHETIC_ONLY_01,start,speed,0.008290313946973065,0.08726646259971647,0.003926990816987241,0.08726646259971647,0,RUN,,,,24.0
1100000000,1099000000,yaw,SYNTHETIC_ONLY_01,start,current,0.008726646259971648,0.08726646259971647,0.004363323129985824,0.08726646259971647,0,RUN,0.15,,,24.0
1100000000,1099000000,pitch,SYNTHETIC_ONLY_01,start,speed,0.008726646259971648,0.08726646259971647,0.004363323129985824,0.08726646259971647,0,RUN,,,,24.0
1105000000,1104000000,yaw,SYNTHETIC_ONLY_01,start,current,0.009162978572970229,0.08726646259971647,0.004799655442984405,0.08726646259971647,0,RUN,0.15,,,24.0
1105000000,1099000000,pitch,SYNTHETIC_ONLY_01,start,speed,0.009162978572970229,0.08726646259971647,0.004799655442984405,0.08726646259971647,0,RUN,,,,24.0
1110000000,1109000000,yaw,SYNTHETIC_ONLY_01,start,current,0.009599310885968812,0.08726646259971647,0.005235987755982988,0.08726646259971647,0,RUN,0.15,,,24.0
1110000000,1099000000,pitch,SYNTHETIC_ONLY_01,start,speed,0.009599310885968812,0.08726646259971647,0.005235987755982988,0.08726646259971647,0,RUN,,,,24.0
1115000000,1114000000,yaw,SYNTHETIC_ONLY_01,start,current,0.010035643198967395,0.08726646259971647,0.005672320068981571,0.08726646259971647,0,RUN,0.15,,,24.0
1115000000,1099000000,pitch,SYNTHETIC_ONLY_01,start,speed,0.010035643198967395,0.08726646259971647,0.005672320068981571,0.08726646259971647,0,RUN,,,,24.0
1120000000,1119000000,yaw,SYNTHETIC_ONLY_01,start,current,0.010471975511965976,0.08726646259971647,0.006108652381980152,0.08726646259971647,0,RUN,0.15,,,24.0
1120000000,1119000000,pitch,SYNTHETIC_ONLY_01,start,speed,0.010471975511965976,0.08726646259971647,0.006108652381980152,0.08726646259971647,0,RUN,,,,24.0
1125000000,1124000000,yaw,SYNTHETIC_ONLY_01,start,current,0.01090830782496456,0.08726646259971647,0.006544984694978735,0.08726646259971647,0,RUN,0.15,,,24.0
1125000000,1119000000,pitch,SYNTHETIC_ONLY_01,start,speed,0.01090830782496456,0.08726646259971647,0.006544984694978735,0.08726646259971647,0,RUN,,,,24.0
1130000000,1129000000,yaw,SYNTHETIC_ONLY_01,start,current,0.011344640137963142,0.08726646259971647,0.006981317007977318,0.08726646259971647,0,RUN,0.15,,,24.0
1130000000,1119000000,pitch,SYNTHETIC_ONLY_01,start,speed,0.011344640137963142,0.08726646259971647,0.006981317007977318,0.08726646259971647,0,RUN,,,,24.0
1135000000,1134000000,yaw,SYNTHETIC_ONLY_01,start,current,0.011780972450961725,0.08726646259971647,0.0074176493209759005,0.08726646259971647,0,RUN,0.15,,,24.0
1135000000,1119000000,pitch,SYNTHETIC_ONLY_01,start,speed,0.011780972450961725,0.08726646259971647,0.0074176493209759005,0.08726646259971647,0,RUN,,,,24.0
1140000000,1139000000,yaw,SYNTHETIC_ONLY_01,start,current,0.012217304763960308,0.08726646259971647,0.007853981633974483,0.08726646259971647,0,RUN,0.15,,,24.0
1140000000,1139000000,pitch,SYNTHETIC_ONLY_01,start,speed,0.012217304763960308,0.08726646259971647,0.007853981633974483,0.08726646259971647,0,RUN,,,,24.0
1145000000,1144000000,yaw,SYNTHETIC_ONLY_01,start,current,0.012653637076958888,0.08726646259971647,0.008290313946973065,0.08726646259971647,0,RUN,0.15,,,24.0
1145000000,1139000000,pitch,SYNTHETIC_ONLY_01,start,speed,0.012653637076958888,0.08726646259971647,0.008290313946973065,0.08726646259971647,0,RUN,,,,24.0
1150000000,1149000000,yaw,SYNTHETIC_ONLY_01,start,current,0.01308996938995747,0.08726646259971647,0.008726646259971646,0.08726646259971647,0,RUN,0.15,,,24.0
1150000000,1139000000,pitch,SYNTHETIC_ONLY_01,start,speed,0.01308996938995747,0.08726646259971647,0.008726646259971646,0.08726646259971647,0,RUN,,,,24.0
1155000000,1154000000,yaw,SYNTHETIC_ONLY_01,start,current,0.013526301702956054,0.08726646259971647,0.009162978572970229,0.08726646259971647,0,RUN,0.15,,,24.0
1155000000,1139000000,pitch,SYNTHETIC_ONLY_01,start,speed,0.013526301702956054,0.08726646259971647,0.009162978572970229,0.08726646259971647,0,RUN,,,,24.0
1160000000,1159000000,yaw,SYNTHETIC_ONLY_01,start,current,0.013962634015954637,0.08726646259971647,0.009599310885968812,0.08726646259971647,0,RUN,0.15,,,24.0
1160000000,1159000000,pitch,SYNTHETIC_ONLY_01,start,speed,0.013962634015954637,0.08726646259971647,0.009599310885968812,0.08726646259971647,0,RUN,,,,24.0
1165000000,1164000000,yaw,SYNTHETIC_ONLY_01,start,current,0.01439896632895322,0.08726646259971647,0.010035643198967395,0.08726646259971647,0,RUN,0.15,,,24.0
1165000000,1159000000,pitch,SYNTHETIC_ONLY_01,start,speed,0.01439896632895322,0.08726646259971647,0.010035643198967395,0.08726646259971647,0,RUN,,,,24.0
1170000000,1169000000,yaw,SYNTHETIC_ONLY_01,start,current,0.014835298641951801,0.08726646259971647,0.010471975511965978,0.08726646259971647,0,RUN,0.15,,,24.0
1170000000,1159000000,pitch,SYNTHETIC_ONLY_01,start,speed,0.014835298641951801,0.08726646259971647,0.010471975511965978,0.08726646259971647,0,RUN,,,,24.0
1175000000,1174000000,yaw,SYNTHETIC_ONLY_01,start,current,0.015271630954950384,0.08726646259971647,0.01090830782496456,0.08726646259971647,0,RUN,0.15,,,24.0
1175000000,1159000000,pitch,SYNTHETIC_ONLY_01,start,speed,0.015271630954950384,0.08726646259971647,0.01090830782496456,0.08726646259971647,0,RUN,,,,24.0
1180000000,1179000000,yaw,SYNTHETIC_ONLY_01,start,current,0.015707963267948963,0.08726646259971647,0.011344640137963142,0.08726646259971647,0,RUN,0.15,,,24.0
1180000000,1179000000,pitch,SYNTHETIC_ONLY_01,start,speed,0.015707963267948963,0.08726646259971647,0.011344640137963142,0.08726646259971647,0,RUN,,,,24.0
1185000000,1184000000,yaw,SYNTHETIC_ONLY_01,start,current,0.016144295580947546,0.08726646259971647,0.011780972450961725,0.08726646259971647,0,RUN,0.15,,,24.0
1185000000,1179000000,pitch,SYNTHETIC_ONLY_01,start,speed,0.016144295580947546,0.08726646259971647,0.011780972450961725,0.08726646259971647,0,RUN,,,,24.0
1190000000,1189000000,yaw,SYNTHETIC_ONLY_01,start,current,0.01658062789394613,0.08726646259971647,0.012217304763960308,0.08726646259971647,0,RUN,0.15,,,24.0
1190000000,1179000000,pitch,SYNTHETIC_ONLY_01,start,speed,0.01658062789394613,0.08726646259971647,0.012217304763960308,0.08726646259971647,0,RUN,,,,24.0
1195000000,1194000000,yaw,SYNTHETIC_ONLY_01,start,current,0.017016960206944712,0.08726646259971647,0.01265363707695889,0.08726646259971647,0,RUN,0.15,,,24.0
1195000000,1179000000,pitch,SYNTHETIC_ONLY_01,start,speed,0.017016960206944712,0.08726646259971647,0.01265363707695889,0.08726646259971647,0,RUN,,,,24.0
1200000000,1199000000,yaw,SYNTHETIC_ONLY_01,steady,current,0.017453292519943295,0.08726646259971647,0.013089969389957472,0.08726646259971647,0,RUN,0.15,,,24.0
1200000000,1199000000,pitch,SYNTHETIC_ONLY_01,steady,speed,0.017453292519943295,0.08726646259971647,0.013089969389957472,0.08726646259971647,0,RUN,,,,24.0
1205000000,1204000000,yaw,SYNTHETIC_ONLY_01,steady,current,0.01788962483294188,0.08726646259971647,0.013526301702956055,0.08726646259971647,0,RUN,0.15,,,24.0
1205000000,1199000000,pitch,SYNTHETIC_ONLY_01,steady,speed,0.01788962483294188,0.08726646259971647,0.013526301702956055,0.08726646259971647,0,RUN,,,,24.0
1210000000,1209000000,yaw,SYNTHETIC_ONLY_01,steady,current,0.018325957145940458,0.08726646259971647,0.013962634015954633,0.08726646259971647,0,RUN,0.15,,,24.0
1210000000,1199000000,pitch,SYNTHETIC_ONLY_01,steady,speed,0.018325957145940458,0.08726646259971647,0.013962634015954633,0.08726646259971647,0,RUN,,,,24.0
1215000000,1214000000,yaw,SYNTHETIC_ONLY_01,steady,current,0.01876228945893904,0.08726646259971647,0.014398966328953216,0.08726646259971647,0,RUN,0.15,,,24.0
1215000000,1199000000,pitch,SYNTHETIC_ONLY_01,steady,speed,0.01876228945893904,0.08726646259971647,0.014398966328953216,0.08726646259971647,0,RUN,,,,24.0
1220000000,1219000000,yaw,SYNTHETIC_ONLY_01,steady,current,0.019198621771937624,0.08726646259971647,0.0148352986419518,0.08726646259971647,0,RUN,0.15,,,24.0
1220000000,1219000000,pitch,SYNTHETIC_ONLY_01,steady,speed,0.019198621771937624,0.08726646259971647,0.0148352986419518,0.08726646259971647,0,RUN,,,,24.0
1225000000,1224000000,yaw,SYNTHETIC_ONLY_01,steady,current,0.019634954084936207,0.08726646259971647,0.015271630954950382,0.08726646259971647,0,RUN,0.15,,,24.0
1225000000,1219000000,pitch,SYNTHETIC_ONLY_01,steady,speed,0.019634954084936207,0.08726646259971647,0.015271630954950382,0.08726646259971647,0,RUN,,,,24.0
1230000000,1229000000,yaw,SYNTHETIC_ONLY_01,steady,current,0.02007128639793479,0.08726646259971647,0.015707963267948963,0.08726646259971647,0,RUN,0.15,,,24.0
1230000000,1219000000,pitch,SYNTHETIC_ONLY_01,steady,speed,0.02007128639793479,0.08726646259971647,0.015707963267948963,0.08726646259971647,0,RUN,,,,24.0
1235000000,1234000000,yaw,SYNTHETIC_ONLY_01,steady,current,0.020507618710933373,0.08726646259971647,0.016144295580947546,0.08726646259971647,0,RUN,0.15,,,24.0
1235000000,1219000000,pitch,SYNTHETIC_ONLY_01,steady,speed,0.020507618710933373,0.08726646259971647,0.016144295580947546,0.08726646259971647,0,RUN,,,,24.0
1240000000,1239000000,yaw,SYNTHETIC_ONLY_01,steady,current,0.020943951023931952,0.08726646259971647,0.01658062789394613,0.08726646259971647,0,RUN,0.15,,,24.0
1240000000,1239000000,pitch,SYNTHETIC_ONLY_01,steady,speed,0.020943951023931952,0.08726646259971647,0.01658062789394613,0.08726646259971647,0,RUN,,,,24.0
1245000000,1244000000,yaw,SYNTHETIC_ONLY_01,steady,current,0.021380283336930535,0.08726646259971647,0.017016960206944712,0.08726646259971647,0,RUN,0.15,,,24.0
1245000000,1239000000,pitch,SYNTHETIC_ONLY_01,steady,speed,0.021380283336930535,0.08726646259971647,0.017016960206944712,0.08726646259971647,0,RUN,,,,24.0
1250000000,1249000000,yaw,SYNTHETIC_ONLY_01,steady,current,0.02181661564992912,0.08726646259971647,0.017453292519943295,0.08726646259971647,0,RUN,0.15,,,24.0
1250000000,1239000000,pitch,SYNTHETIC_ONLY_01,steady,speed,0.02181661564992912,0.08726646259971647,0.017453292519943295,0.08726646259971647,0,RUN,,,,24.0
1255000000,1254000000,yaw,SYNTHETIC_ONLY_01,steady,current,0.0222529479629277,0.08726646259971647,0.01788962483294188,0.08726646259971647,0,RUN,0.15,,,24.0
1255000000,1239000000,pitch,SYNTHETIC_ONLY_01,steady,speed,0.0222529479629277,0.08726646259971647,0.01788962483294188,0.08726646259971647,0,RUN,,,,24.0
1260000000,1259000000,yaw,SYNTHETIC_ONLY_01,steady,current,0.022689280275926284,0.08726646259971647,0.01832595714594046,0.08726646259971647,0,RUN,0.15,,,24.0
1260000000,1259000000,pitch,SYNTHETIC_ONLY_01,steady,speed,0.022689280275926284,0.08726646259971647,0.01832595714594046,0.08726646259971647,0,RUN,,,,24.0
1265000000,1264000000,yaw,SYNTHETIC_ONLY_01,steady,current,0.023125612588924867,0.08726646259971647,0.018762289458939044,0.08726646259971647,0,RUN,0.15,,,24.0
1265000000,1259000000,pitch,SYNTHETIC_ONLY_01,steady,speed,0.023125612588924867,0.08726646259971647,0.018762289458939044,0.08726646259971647,0,RUN,,,,24.0
1270000000,1269000000,yaw,SYNTHETIC_ONLY_01,steady,current,0.02356194490192345,0.08726646259971647,0.019198621771937627,0.08726646259971647,0,RUN,0.15,,,24.0
1270000000,1259000000,pitch,SYNTHETIC_ONLY_01,steady,speed,0.02356194490192345,0.08726646259971647,0.019198621771937627,0.08726646259971647,0,RUN,,,,24.0
1275000000,1274000000,yaw,SYNTHETIC_ONLY_01,steady,current,0.023998277214922033,0.08726646259971647,0.01963495408493621,0.08726646259971647,0,RUN,0.15,,,24.0
1275000000,1259000000,pitch,SYNTHETIC_ONLY_01,steady,speed,0.023998277214922033,0.08726646259971647,0.01963495408493621,0.08726646259971647,0,RUN,,,,24.0
1280000000,1279000000,yaw,SYNTHETIC_ONLY_01,steady,current,0.024434609527920616,0.08726646259971647,0.020071286397934793,0.08726646259971647,0,RUN,0.15,,,24.0
1280000000,1279000000,pitch,SYNTHETIC_ONLY_01,steady,speed,0.024434609527920616,0.08726646259971647,0.020071286397934793,0.08726646259971647,0,RUN,,,,24.0
1285000000,1284000000,yaw,SYNTHETIC_ONLY_01,steady,current,0.0248709418409192,0.08726646259971647,0.020507618710933376,0.08726646259971647,0,RUN,0.15,,,24.0
1285000000,1279000000,pitch,SYNTHETIC_ONLY_01,steady,speed,0.0248709418409192,0.08726646259971647,0.020507618710933376,0.08726646259971647,0,RUN,,,,24.0
1290000000,1289000000,yaw,SYNTHETIC_ONLY_01,steady,current,0.025307274153917775,0.08726646259971647,0.020943951023931952,0.08726646259971647,0,RUN,0.15,,,24.0
1290000000,1279000000,pitch,SYNTHETIC_ONLY_01,steady,speed,0.025307274153917775,0.08726646259971647,0.020943951023931952,0.08726646259971647,0,RUN,,,,24.0
1295000000,1294000000,yaw,SYNTHETIC_ONLY_01,steady,current,0.02574360646691636,0.08726646259971647,0.021380283336930535,0.08726646259971647,0,RUN,0.15,,,24.0
1295000000,1279000000,pitch,SYNTHETIC_ONLY_01,steady,speed,0.02574360646691636,0.08726646259971647,0.021380283336930535,0.08726646259971647,0,RUN,,,,24.0
1300000000,1299000000,yaw,SYNTHETIC_ONLY_01,steady,current,0.02617993877991494,0.08726646259971647,0.02181661564992912,0.08726646259971647,0,RUN,0.15,,,24.0
1300000000,1299000000,pitch,SYNTHETIC_ONLY_01,steady,speed,0.02617993877991494,0.08726646259971647,0.02181661564992912,0.08726646259971647,0,RUN,,,,24.0
1305000000,1304000000,yaw,SYNTHETIC_ONLY_01,steady,current,0.026616271092913524,0.08726646259971647,0.0222529479629277,0.08726646259971647,0,RUN,0.15,,,24.0
1305000000,1299000000,pitch,SYNTHETIC_ONLY_01,steady,speed,0.026616271092913524,0.08726646259971647,0.0222529479629277,0.08726646259971647,0,RUN,,,,24.0
1310000000,1309000000,yaw,SYNTHETIC_ONLY_01,steady,current,0.027052603405912107,0.08726646259971647,0.022689280275926284,0.08726646259971647,0,RUN,0.15,,,24.0
1310000000,1299000000,pitch,SYNTHETIC_ONLY_01,steady,speed,0.027052603405912107,0.08726646259971647,0.022689280275926284,0.08726646259971647,0,RUN,,,,24.0
1315000000,1314000000,yaw,SYNTHETIC_ONLY_01,steady,current,0.02748893571891069,0.08726646259971647,0.023125612588924867,0.08726646259971647,0,RUN,0.15,,,24.0
1315000000,1299000000,pitch,SYNTHETIC_ONLY_01,steady,speed,0.02748893571891069,0.08726646259971647,0.023125612588924867,0.08726646259971647,0,RUN,,,,24.0
1320000000,1319000000,yaw,SYNTHETIC_ONLY_01,steady,current,0.027925268031909273,0.08726646259971647,0.02356194490192345,0.08726646259971647,0,RUN,0.15,,,24.0
1320000000,1319000000,pitch,SYNTHETIC_ONLY_01,steady,speed,0.027925268031909273,0.08726646259971647,0.02356194490192345,0.08726646259971647,0,RUN,,,,24.0
1325000000,1324000000,yaw,SYNTHETIC_ONLY_01,steady,current,0.028361600344907856,0.08726646259971647,0.023998277214922033,0.08726646259971647,0,RUN,0.15,,,24.0
1325000000,1319000000,pitch,SYNTHETIC_ONLY_01,steady,speed,0.028361600344907856,0.08726646259971647,0.023998277214922033,0.08726646259971647,0,RUN,,,,24.0
1330000000,1329000000,yaw,SYNTHETIC_ONLY_01,steady,current,0.02879793265790644,0.08726646259971647,0.024434609527920616,0.08726646259971647,0,RUN,0.15,,,24.0
1330000000,1319000000,pitch,SYNTHETIC_ONLY_01,steady,speed,0.02879793265790644,0.08726646259971647,0.024434609527920616,0.08726646259971647,0,RUN,,,,24.0
1335000000,1334000000,yaw,SYNTHETIC_ONLY_01,steady,current,0.02923426497090502,0.08726646259971647,0.0248709418409192,0.08726646259971647,0,RUN,0.15,,,24.0
1335000000,1319000000,pitch,SYNTHETIC_ONLY_01,steady,speed,0.02923426497090502,0.08726646259971647,0.0248709418409192,0.08726646259971647,0,RUN,,,,24.0
1340000000,1339000000,yaw,SYNTHETIC_ONLY_01,steady,current,0.029670597283903602,0.08726646259971647,0.02530727415391778,0.08726646259971647,0,RUN,0.15,,,24.0
1340000000,1339000000,pitch,SYNTHETIC_ONLY_01,steady,speed,0.029670597283903602,0.08726646259971647,0.02530727415391778,0.08726646259971647,0,RUN,,,,24.0
1345000000,1344000000,yaw,SYNTHETIC_ONLY_01,steady,current,0.030106929596902185,0.08726646259971647,0.025743606466916362,0.08726646259971647,0,RUN,0.15,,,24.0
1345000000,1339000000,pitch,SYNTHETIC_ONLY_01,steady,speed,0.030106929596902185,0.08726646259971647,0.025743606466916362,0.08726646259971647,0,RUN,,,,24.0
1350000000,1349000000,yaw,SYNTHETIC_ONLY_01,steady,current,0.030543261909900768,0.08726646259971647,0.026179938779914945,0.08726646259971647,0,RUN,0.15,,,24.0
1350000000,1339000000,pitch,SYNTHETIC_ONLY_01,steady,speed,0.030543261909900768,0.08726646259971647,0.026179938779914945,0.08726646259971647,0,RUN,,,,24.0
1355000000,1354000000,yaw,SYNTHETIC_ONLY_01,steady,current,0.030979594222899347,0.08726646259971647,0.026616271092913524,0.08726646259971647,0,RUN,0.15,,,24.0
1355000000,1339000000,pitch,SYNTHETIC_ONLY_01,steady,speed,0.030979594222899347,0.08726646259971647,0.026616271092913524,0.08726646259971647,0,RUN,,,,24.0
1360000000,1359000000,yaw,SYNTHETIC_ONLY_01,steady,current,0.03141592653589793,0.08726646259971647,0.027052603405912107,0.08726646259971647,0,RUN,0.15,,,24.0
1360000000,1359000000,pitch,SYNTHETIC_ONLY_01,steady,speed,0.03141592653589793,0.08726646259971647,0.027052603405912107,0.08726646259971647,0,RUN,,,,24.0
1365000000,1364000000,yaw,SYNTHETIC_ONLY_01,steady,current,0.03185225884889651,0.08726646259971647,0.02748893571891069,0.08726646259971647,0,RUN,0.15,,,24.0
1365000000,1359000000,pitch,SYNTHETIC_ONLY_01,steady,speed,0.03185225884889651,0.08726646259971647,0.02748893571891069,0.08726646259971647,0,RUN,,,,24.0
1370000000,1369000000,yaw,SYNTHETIC_ONLY_01,steady,current,0.03228859116189509,0.08726646259971647,0.027925268031909273,0.08726646259971647,0,RUN,0.15,,,24.0
1370000000,1359000000,pitch,SYNTHETIC_ONLY_01,steady,speed,0.03228859116189509,0.08726646259971647,0.027925268031909273,0.08726646259971647,0,RUN,,,,24.0
1375000000,1374000000,yaw,SYNTHETIC_ONLY_01,steady,current,0.032724923474893676,0.08726646259971647,0.028361600344907856,0.08726646259971647,0,RUN,0.15,,,24.0
1375000000,1359000000,pitch,SYNTHETIC_ONLY_01,steady,speed,0.032724923474893676,0.08726646259971647,0.028361600344907856,0.08726646259971647,0,RUN,,,,24.0
1380000000,1379000000,yaw,SYNTHETIC_ONLY_01,steady,current,0.03316125578789226,0.08726646259971647,0.02879793265790644,0.08726646259971647,0,RUN,0.15,,,24.0
1380000000,1379000000,pitch,SYNTHETIC_ONLY_01,steady,speed,0.03316125578789226,0.08726646259971647,0.02879793265790644,0.08726646259971647,0,RUN,,,,24.0
1385000000,1384000000,yaw,SYNTHETIC_ONLY_01,steady,current,0.03359758810089084,0.08726646259971647,0.02923426497090502,0.08726646259971647,0,RUN,0.15,,,24.0
1385000000,1379000000,pitch,SYNTHETIC_ONLY_01,steady,speed,0.03359758810089084,0.08726646259971647,0.02923426497090502,0.08726646259971647,0,RUN,,,,24.0
1390000000,1389000000,yaw,SYNTHETIC_ONLY_01,steady,current,0.034033920413889425,0.08726646259971647,0.029670597283903602,0.08726646259971647,0,RUN,0.15,,,24.0
1390000000,1379000000,pitch,SYNTHETIC_ONLY_01,steady,speed,0.034033920413889425,0.08726646259971647,0.029670597283903602,0.08726646259971647,0,RUN,,,,24.0
1395000000,1394000000,yaw,SYNTHETIC_ONLY_01,steady,current,0.03447025272688801,0.08726646259971647,0.030106929596902185,0.08726646259971647,0,RUN,0.15,,,24.0
1395000000,1379000000,pitch,SYNTHETIC_ONLY_01,steady,speed,0.03447025272688801,0.08726646259971647,0.030106929596902185,0.08726646259971647,0,RUN,,,,24.0
1400000000,1399000000,yaw,SYNTHETIC_ONLY_01,steady,current,0.03490658503988659,0.08726646259971647,0.030543261909900768,0.08726646259971647,0,RUN,0.15,,,24.0
1400000000,1399000000,pitch,SYNTHETIC_ONLY_01,steady,speed,0.03490658503988659,0.08726646259971647,0.030543261909900768,0.08726646259971647,0,RUN,,,,24.0
1405000000,1404000000,yaw,SYNTHETIC_ONLY_01,steady,current,0.035342917352885174,0.08726646259971647,0.03097959422289935,0.08726646259971647,0,RUN,0.15,,,24.0
1405000000,1399000000,pitch,SYNTHETIC_ONLY_01,steady,speed,0.035342917352885174,0.08726646259971647,0.03097959422289935,0.08726646259971647,0,RUN,,,,24.0
1410000000,1409000000,yaw,SYNTHETIC_ONLY_01,steady,current,0.03577924966588376,0.08726646259971647,0.031415926535897934,0.08726646259971647,0,RUN,0.15,,,24.0
1410000000,1399000000,pitch,SYNTHETIC_ONLY_01,steady,speed,0.03577924966588376,0.08726646259971647,0.031415926535897934,0.08726646259971647,0,RUN,,,,24.0
1415000000,1414000000,yaw,SYNTHETIC_ONLY_01,steady,current,0.03621558197888234,0.08726646259971647,0.03185225884889652,0.08726646259971647,0,RUN,0.15,,,24.0
1415000000,1399000000,pitch,SYNTHETIC_ONLY_01,steady,speed,0.03621558197888234,0.08726646259971647,0.03185225884889652,0.08726646259971647,0,RUN,,,,24.0
1420000000,1419000000,yaw,SYNTHETIC_ONLY_01,steady,current,0.036651914291880916,0.08726646259971647,0.03228859116189509,0.08726646259971647,0,RUN,0.15,,,24.0
1420000000,1419000000,pitch,SYNTHETIC_ONLY_01,steady,speed,0.036651914291880916,0.08726646259971647,0.03228859116189509,0.08726646259971647,0,RUN,,,,24.0
1425000000,1424000000,yaw,SYNTHETIC_ONLY_01,steady,current,0.0370882466048795,0.08726646259971647,0.032724923474893676,0.08726646259971647,0,RUN,0.15,,,24.0
1425000000,1419000000,pitch,SYNTHETIC_ONLY_01,steady,speed,0.0370882466048795,0.08726646259971647,0.032724923474893676,0.08726646259971647,0,RUN,,,,24.0
1430000000,1429000000,yaw,SYNTHETIC_ONLY_01,steady,current,0.03752457891787808,0.08726646259971647,0.03316125578789226,0.08726646259971647,0,RUN,0.15,,,24.0
1430000000,1419000000,pitch,SYNTHETIC_ONLY_01,steady,speed,0.03752457891787808,0.08726646259971647,0.03316125578789226,0.08726646259971647,0,RUN,,,,24.0
1435000000,1434000000,yaw,SYNTHETIC_ONLY_01,steady,current,0.037960911230876665,0.08726646259971647,0.03359758810089084,0.08726646259971647,0,RUN,0.15,,,24.0
1435000000,1419000000,pitch,SYNTHETIC_ONLY_01,steady,speed,0.037960911230876665,0.08726646259971647,0.03359758810089084,0.08726646259971647,0,RUN,,,,24.0
1440000000,1439000000,yaw,SYNTHETIC_ONLY_01,steady,current,0.03839724354387525,0.08726646259971647,0.034033920413889425,0.08726646259971647,0,RUN,0.15,,,24.0
1440000000,1439000000,pitch,SYNTHETIC_ONLY_01,steady,speed,0.03839724354387525,0.08726646259971647,0.034033920413889425,0.08726646259971647,0,RUN,,,,24.0
1445000000,1444000000,yaw,SYNTHETIC_ONLY_01,steady,current,0.03883357585687383,0.08726646259971647,0.03447025272688801,0.08726646259971647,0,RUN,0.15,,,24.0
1445000000,1439000000,pitch,SYNTHETIC_ONLY_01,steady,speed,0.03883357585687383,0.08726646259971647,0.03447025272688801,0.08726646259971647,0,RUN,,,,24.0
1450000000,1449000000,yaw,SYNTHETIC_ONLY_01,steady,current,0.039269908169872414,0.08726646259971647,0.03490658503988659,0.08726646259971647,0,RUN,0.15,,,24.0
1450000000,1439000000,pitch,SYNTHETIC_ONLY_01,steady,speed,0.039269908169872414,0.08726646259971647,0.03490658503988659,0.08726646259971647,0,RUN,,,,24.0
1455000000,1454000000,yaw,SYNTHETIC_ONLY_01,steady,current,0.039706240482871,0.08726646259971647,0.035342917352885174,0.08726646259971647,0,RUN,0.15,,,24.0
1455000000,1439000000,pitch,SYNTHETIC_ONLY_01,steady,speed,0.039706240482871,0.08726646259971647,0.035342917352885174,0.08726646259971647,0,RUN,,,,24.0
1460000000,1459000000,yaw,SYNTHETIC_ONLY_01,steady,current,0.04014257279586958,0.08726646259971647,0.03577924966588376,0.08726646259971647,0,RUN,0.15,,,24.0
1460000000,1459000000,pitch,SYNTHETIC_ONLY_01,steady,speed,0.04014257279586958,0.08726646259971647,0.03577924966588376,0.08726646259971647,0,RUN,,,,24.0
1465000000,1464000000,yaw,SYNTHETIC_ONLY_01,steady,current,0.04057890510886816,0.08726646259971647,0.03621558197888234,0.08726646259971647,0,RUN,0.15,,,24.0
1465000000,1459000000,pitch,SYNTHETIC_ONLY_01,steady,speed,0.04057890510886816,0.08726646259971647,0.03621558197888234,0.08726646259971647,0,RUN,,,,24.0
1470000000,1469000000,yaw,SYNTHETIC_ONLY_01,steady,current,0.041015237421866746,0.08726646259971647,0.03665191429188092,0.08726646259971647,0,RUN,0.15,,,24.0
1470000000,1459000000,pitch,SYNTHETIC_ONLY_01,steady,speed,0.041015237421866746,0.08726646259971647,0.03665191429188092,0.08726646259971647,0,RUN,,,,24.0
1475000000,1474000000,yaw,SYNTHETIC_ONLY_01,steady,current,0.04145156973486533,0.08726646259971647,0.037088246604879506,0.08726646259971647,0,RUN,0.15,,,24.0
1475000000,1459000000,pitch,SYNTHETIC_ONLY_01,steady,speed,0.04145156973486533,0.08726646259971647,0.037088246604879506,0.08726646259971647,0,RUN,,,,24.0
1480000000,1479000000,yaw,SYNTHETIC_ONLY_01,steady,current,0.041887902047863905,0.08726646259971647,0.03752457891787808,0.08726646259971647,0,RUN,0.15,,,24.0
1480000000,1479000000,pitch,SYNTHETIC_ONLY_01,steady,speed,0.041887902047863905,0.08726646259971647,0.03752457891787808,0.08726646259971647,0,RUN,,,,24.0
1485000000,1484000000,yaw,SYNTHETIC_ONLY_01,steady,current,0.04232423436086249,0.08726646259971647,0.037960911230876665,0.08726646259971647,0,RUN,0.15,,,24.0
1485000000,1479000000,pitch,SYNTHETIC_ONLY_01,steady,speed,0.04232423436086249,0.08726646259971647,0.037960911230876665,0.08726646259971647,0,RUN,,,,24.0
1490000000,1489000000,yaw,SYNTHETIC_ONLY_01,steady,current,0.04276056667386107,0.08726646259971647,0.03839724354387525,0.08726646259971647,0,RUN,0.15,,,24.0
1490000000,1479000000,pitch,SYNTHETIC_ONLY_01,steady,speed,0.04276056667386107,0.08726646259971647,0.03839724354387525,0.08726646259971647,0,RUN,,,,24.0
1495000000,1494000000,yaw,SYNTHETIC_ONLY_01,steady,current,0.043196898986859654,0.08726646259971647,0.03883357585687383,0.08726646259971647,0,RUN,0.15,,,24.0
1495000000,1479000000,pitch,SYNTHETIC_ONLY_01,steady,speed,0.043196898986859654,0.08726646259971647,0.03883357585687383,0.08726646259971647,0,RUN,,,,24.0
1500000000,1499000000,yaw,SYNTHETIC_ONLY_01,steady,current,0.04363323129985824,0.08726646259971647,0.039269908169872414,0.08726646259971647,0,RUN,0.15,,,24.0
1500000000,1499000000,pitch,SYNTHETIC_ONLY_01,steady,speed,0.04363323129985824,0.08726646259971647,0.039269908169872414,0.08726646259971647,0,RUN,,,,24.0
1505000000,1504000000,yaw,SYNTHETIC_ONLY_01,steady,current,0.04406956361285682,0.08726646259971647,0.039706240482871,0.08726646259971647,0,RUN,0.15,,,24.0
1505000000,1499000000,pitch,SYNTHETIC_ONLY_01,steady,speed,0.04406956361285682,0.08726646259971647,0.039706240482871,0.08726646259971647,0,RUN,,,,24.0
1510000000,1509000000,yaw,SYNTHETIC_ONLY_01,steady,current,0.0445058959258554,0.08726646259971647,0.04014257279586958,0.08726646259971647,0,RUN,0.15,,,24.0
1510000000,1499000000,pitch,SYNTHETIC_ONLY_01,steady,speed,0.0445058959258554,0.08726646259971647,0.04014257279586958,0.08726646259971647,0,RUN,,,,24.0
1515000000,1514000000,yaw,SYNTHETIC_ONLY_01,steady,current,0.044942228238853986,0.08726646259971647,0.04057890510886816,0.08726646259971647,0,RUN,0.15,,,24.0
1515000000,1499000000,pitch,SYNTHETIC_ONLY_01,steady,speed,0.044942228238853986,0.08726646259971647,0.04057890510886816,0.08726646259971647,0,RUN,,,,24.0
1520000000,1519000000,yaw,SYNTHETIC_ONLY_01,steady,current,0.04537856055185257,0.08726646259971647,0.041015237421866746,0.08726646259971647,0,RUN,0.15,,,24.0
1520000000,1519000000,pitch,SYNTHETIC_ONLY_01,steady,speed,0.04537856055185257,0.08726646259971647,0.041015237421866746,0.08726646259971647,0,RUN,,,,24.0
1525000000,1524000000,yaw,SYNTHETIC_ONLY_01,steady,current,0.04581489286485115,0.08726646259971647,0.04145156973486533,0.08726646259971647,0,RUN,0.15,,,24.0
1525000000,1519000000,pitch,SYNTHETIC_ONLY_01,steady,speed,0.04581489286485115,0.08726646259971647,0.04145156973486533,0.08726646259971647,0,RUN,,,,24.0
1530000000,1529000000,yaw,SYNTHETIC_ONLY_01,steady,current,0.046251225177849735,0.08726646259971647,0.04188790204786391,0.08726646259971647,0,RUN,0.15,,,24.0
1530000000,1519000000,pitch,SYNTHETIC_ONLY_01,steady,speed,0.046251225177849735,0.08726646259971647,0.04188790204786391,0.08726646259971647,0,RUN,,,,24.0
1535000000,1534000000,yaw,SYNTHETIC_ONLY_01,steady,current,0.04668755749084832,0.08726646259971647,0.042324234360862495,0.08726646259971647,0,RUN,0.15,,,24.0
1535000000,1519000000,pitch,SYNTHETIC_ONLY_01,steady,speed,0.04668755749084832,0.08726646259971647,0.042324234360862495,0.08726646259971647,0,RUN,,,,24.0
1540000000,1539000000,yaw,SYNTHETIC_ONLY_01,steady,current,0.0471238898038469,0.08726646259971647,0.04276056667386108,0.08726646259971647,0,RUN,0.15,,,24.0
1540000000,1539000000,pitch,SYNTHETIC_ONLY_01,steady,speed,0.0471238898038469,0.08726646259971647,0.04276056667386108,0.08726646259971647,0,RUN,,,,24.0
1545000000,1544000000,yaw,SYNTHETIC_ONLY_01,steady,current,0.047560222116845484,0.08726646259971647,0.04319689898685966,0.08726646259971647,0,RUN,0.15,,,24.0
1545000000,1539000000,pitch,SYNTHETIC_ONLY_01,steady,speed,0.047560222116845484,0.08726646259971647,0.04319689898685966,0.08726646259971647,0,RUN,,,,24.0
1550000000,1549000000,yaw,SYNTHETIC_ONLY_01,steady,current,0.04799655442984407,0.08726646259971647,0.04363323129985824,0.08726646259971647,0,RUN,0.15,,,24.0
1550000000,1539000000,pitch,SYNTHETIC_ONLY_01,steady,speed,0.04799655442984407,0.08726646259971647,0.04363323129985824,0.08726646259971647,0,RUN,,,,24.0
1555000000,1554000000,yaw,SYNTHETIC_ONLY_01,steady,current,0.04843288674284265,0.08726646259971647,0.04406956361285682,0.08726646259971647,0,RUN,0.15,,,24.0
1555000000,1539000000,pitch,SYNTHETIC_ONLY_01,steady,speed,0.04843288674284265,0.08726646259971647,0.04406956361285682,0.08726646259971647,0,RUN,,,,24.0
1560000000,1559000000,yaw,SYNTHETIC_ONLY_01,steady,current,0.04886921905584123,0.08726646259971647,0.0445058959258554,0.08726646259971647,0,RUN,0.15,,,24.0
1560000000,1559000000,pitch,SYNTHETIC_ONLY_01,steady,speed,0.04886921905584123,0.08726646259971647,0.0445058959258554,0.08726646259971647,0,RUN,,,,24.0
1565000000,1564000000,yaw,SYNTHETIC_ONLY_01,steady,current,0.049305551368839816,0.08726646259971647,0.044942228238853986,0.08726646259971647,0,RUN,0.15,,,24.0
1565000000,1559000000,pitch,SYNTHETIC_ONLY_01,steady,speed,0.049305551368839816,0.08726646259971647,0.044942228238853986,0.08726646259971647,0,RUN,,,,24.0
1570000000,1569000000,yaw,SYNTHETIC_ONLY_01,steady,current,0.0497418836818384,0.08726646259971647,0.04537856055185257,0.08726646259971647,0,RUN,0.15,,,24.0
1570000000,1559000000,pitch,SYNTHETIC_ONLY_01,steady,speed,0.0497418836818384,0.08726646259971647,0.04537856055185257,0.08726646259971647,0,RUN,,,,24.0
1575000000,1574000000,yaw,SYNTHETIC_ONLY_01,steady,current,0.050178215994836975,0.08726646259971647,0.04581489286485115,0.08726646259971647,0,RUN,0.15,,,24.0
1575000000,1559000000,pitch,SYNTHETIC_ONLY_01,steady,speed,0.050178215994836975,0.08726646259971647,0.04581489286485115,0.08726646259971647,0,RUN,,,,24.0
1580000000,1579000000,yaw,SYNTHETIC_ONLY_01,steady,current,0.05061454830783555,0.08726646259971647,0.04625122517784972,0.08726646259971647,0,RUN,0.15,,,24.0
1580000000,1579000000,pitch,SYNTHETIC_ONLY_01,steady,speed,0.05061454830783555,0.08726646259971647,0.04625122517784972,0.08726646259971647,0,RUN,,,,24.0
1585000000,1584000000,yaw,SYNTHETIC_ONLY_01,steady,current,0.051050880620834134,0.08726646259971647,0.046687557490848304,0.08726646259971647,0,RUN,0.15,,,24.0
1585000000,1579000000,pitch,SYNTHETIC_ONLY_01,steady,speed,0.051050880620834134,0.08726646259971647,0.046687557490848304,0.08726646259971647,0,RUN,,,,24.0
1590000000,1589000000,yaw,SYNTHETIC_ONLY_01,steady,current,0.05148721293383272,0.08726646259971647,0.04712388980384689,0.08726646259971647,0,RUN,0.15,,,24.0
1590000000,1579000000,pitch,SYNTHETIC_ONLY_01,steady,speed,0.05148721293383272,0.08726646259971647,0.04712388980384689,0.08726646259971647,0,RUN,,,,24.0
1595000000,1594000000,yaw,SYNTHETIC_ONLY_01,steady,current,0.0519235452468313,0.08726646259971647,0.04756022211684547,0.08726646259971647,0,RUN,0.15,,,24.0
1595000000,1579000000,pitch,SYNTHETIC_ONLY_01,steady,speed,0.0519235452468313,0.08726646259971647,0.04756022211684547,0.08726646259971647,0,RUN,,,,24.0
1600000000,1599000000,yaw,SYNTHETIC_ONLY_01,steady,current,0.05235987755982988,0.08726646259971647,0.04799655442984405,0.08726646259971647,0,RUN,0.15,,,24.0
1600000000,1599000000,pitch,SYNTHETIC_ONLY_01,steady,speed,0.05235987755982988,0.08726646259971647,0.04799655442984405,0.08726646259971647,0,RUN,,,,24.0
1605000000,1604000000,yaw,SYNTHETIC_ONLY_01,steady,current,0.052796209872828466,0.08726646259971647,0.048432886742842636,0.08726646259971647,0,RUN,0.15,,,24.0
1605000000,1599000000,pitch,SYNTHETIC_ONLY_01,steady,speed,0.052796209872828466,0.08726646259971647,0.048432886742842636,0.08726646259971647,0,RUN,,,,24.0
1610000000,1609000000,yaw,SYNTHETIC_ONLY_01,steady,current,0.05323254218582705,0.08726646259971647,0.04886921905584122,0.08726646259971647,0,RUN,0.15,,,24.0
1610000000,1599000000,pitch,SYNTHETIC_ONLY_01,steady,speed,0.05323254218582705,0.08726646259971647,0.04886921905584122,0.08726646259971647,0,RUN,,,,24.0
1615000000,1614000000,yaw,SYNTHETIC_ONLY_01,steady,current,0.05366887449882563,0.08726646259971647,0.0493055513688398,0.08726646259971647,0,RUN,0.15,,,24.0
1615000000,1599000000,pitch,SYNTHETIC_ONLY_01,steady,speed,0.05366887449882563,0.08726646259971647,0.0493055513688398,0.08726646259971647,0,RUN,,,,24.0
1620000000,1619000000,yaw,SYNTHETIC_ONLY_01,steady,current,0.054105206811824215,0.08726646259971647,0.049741883681838385,0.08726646259971647,0,RUN,0.15,,,24.0
1620000000,1619000000,pitch,SYNTHETIC_ONLY_01,steady,speed,0.054105206811824215,0.08726646259971647,0.049741883681838385,0.08726646259971647,0,RUN,,,,24.0
1625000000,1624000000,yaw,SYNTHETIC_ONLY_01,steady,current,0.0545415391248228,0.08726646259971647,0.05017821599483697,0.08726646259971647,0,RUN,0.15,,,24.0
1625000000,1619000000,pitch,SYNTHETIC_ONLY_01,steady,speed,0.0545415391248228,0.08726646259971647,0.05017821599483697,0.08726646259971647,0,RUN,,,,24.0
1630000000,1629000000,yaw,SYNTHETIC_ONLY_01,steady,current,0.05497787143782138,0.08726646259971647,0.05061454830783555,0.08726646259971647,0,RUN,0.15,,,24.0
1630000000,1619000000,pitch,SYNTHETIC_ONLY_01,steady,speed,0.05497787143782138,0.08726646259971647,0.05061454830783555,0.08726646259971647,0,RUN,,,,24.0
1635000000,1634000000,yaw,SYNTHETIC_ONLY_01,steady,current,0.055414203750819964,0.08726646259971647,0.051050880620834134,0.08726646259971647,0,RUN,0.15,,,24.0
1635000000,1619000000,pitch,SYNTHETIC_ONLY_01,steady,speed,0.055414203750819964,0.08726646259971647,0.051050880620834134,0.08726646259971647,0,RUN,,,,24.0
1640000000,1639000000,yaw,SYNTHETIC_ONLY_01,steady,current,0.05585053606381855,0.08726646259971647,0.05148721293383272,0.08726646259971647,0,RUN,0.15,,,24.0
1640000000,1639000000,pitch,SYNTHETIC_ONLY_01,steady,speed,0.05585053606381855,0.08726646259971647,0.05148721293383272,0.08726646259971647,0,RUN,,,,24.0
1645000000,1644000000,yaw,SYNTHETIC_ONLY_01,steady,current,0.05628686837681713,0.08726646259971647,0.0519235452468313,0.08726646259971647,0,RUN,0.15,,,24.0
1645000000,1639000000,pitch,SYNTHETIC_ONLY_01,steady,speed,0.05628686837681713,0.08726646259971647,0.0519235452468313,0.08726646259971647,0,RUN,,,,24.0
1650000000,1649000000,yaw,SYNTHETIC_ONLY_01,steady,current,0.05672320068981571,0.08726646259971647,0.05235987755982988,0.08726646259971647,0,RUN,0.15,,,24.0
1650000000,1639000000,pitch,SYNTHETIC_ONLY_01,steady,speed,0.05672320068981571,0.08726646259971647,0.05235987755982988,0.08726646259971647,0,RUN,,,,24.0
1655000000,1654000000,yaw,SYNTHETIC_ONLY_01,steady,current,0.057159533002814296,0.08726646259971647,0.052796209872828466,0.08726646259971647,0,RUN,0.15,,,24.0
1655000000,1639000000,pitch,SYNTHETIC_ONLY_01,steady,speed,0.057159533002814296,0.08726646259971647,0.052796209872828466,0.08726646259971647,0,RUN,,,,24.0
1660000000,1659000000,yaw,SYNTHETIC_ONLY_01,steady,current,0.05759586531581288,0.08726646259971647,0.05323254218582705,0.08726646259971647,0,RUN,0.15,,,24.0
1660000000,1659000000,pitch,SYNTHETIC_ONLY_01,steady,speed,0.05759586531581288,0.08726646259971647,0.05323254218582705,0.08726646259971647,0,RUN,,,,24.0
1665000000,1664000000,yaw,SYNTHETIC_ONLY_01,steady,current,0.058032197628811455,0.08726646259971647,0.05366887449882563,0.08726646259971647,0,RUN,0.15,,,24.0
1665000000,1659000000,pitch,SYNTHETIC_ONLY_01,steady,speed,0.058032197628811455,0.08726646259971647,0.05366887449882563,0.08726646259971647,0,RUN,,,,24.0
1670000000,1669000000,yaw,SYNTHETIC_ONLY_01,steady,current,0.05846852994181004,0.08726646259971647,0.054105206811824215,0.08726646259971647,0,RUN,0.15,,,24.0
1670000000,1659000000,pitch,SYNTHETIC_ONLY_01,steady,speed,0.05846852994181004,0.08726646259971647,0.054105206811824215,0.08726646259971647,0,RUN,,,,24.0
1675000000,1674000000,yaw,SYNTHETIC_ONLY_01,steady,current,0.05890486225480862,0.08726646259971647,0.0545415391248228,0.08726646259971647,0,RUN,0.15,,,24.0
1675000000,1659000000,pitch,SYNTHETIC_ONLY_01,steady,speed,0.05890486225480862,0.08726646259971647,0.0545415391248228,0.08726646259971647,0,RUN,,,,24.0
1680000000,1679000000,yaw,SYNTHETIC_ONLY_01,steady,current,0.059341194567807204,0.08726646259971647,0.05497787143782138,0.08726646259971647,0,RUN,0.15,,,24.0
1680000000,1679000000,pitch,SYNTHETIC_ONLY_01,steady,speed,0.059341194567807204,0.08726646259971647,0.05497787143782138,0.08726646259971647,0,RUN,,,,24.0
1685000000,1684000000,yaw,SYNTHETIC_ONLY_01,steady,current,0.05977752688080579,0.08726646259971647,0.055414203750819964,0.08726646259971647,0,RUN,0.15,,,24.0
1685000000,1679000000,pitch,SYNTHETIC_ONLY_01,steady,speed,0.05977752688080579,0.08726646259971647,0.055414203750819964,0.08726646259971647,0,RUN,,,,24.0
1690000000,1689000000,yaw,SYNTHETIC_ONLY_01,steady,current,0.06021385919380437,0.08726646259971647,0.05585053606381855,0.08726646259971647,0,RUN,0.15,,,24.0
1690000000,1679000000,pitch,SYNTHETIC_ONLY_01,steady,speed,0.06021385919380437,0.08726646259971647,0.05585053606381855,0.08726646259971647,0,RUN,,,,24.0
1695000000,1694000000,yaw,SYNTHETIC_ONLY_01,steady,current,0.06065019150680295,0.08726646259971647,0.05628686837681713,0.08726646259971647,0,RUN,0.15,,,24.0
1695000000,1679000000,pitch,SYNTHETIC_ONLY_01,steady,speed,0.06065019150680295,0.08726646259971647,0.05628686837681713,0.08726646259971647,0,RUN,,,,24.0
1700000000,1699000000,yaw,SYNTHETIC_ONLY_01,steady,current,0.061086523819801536,0.08726646259971647,0.05672320068981571,0.08726646259971647,0,RUN,0.15,,,24.0
1700000000,1699000000,pitch,SYNTHETIC_ONLY_01,steady,speed,0.061086523819801536,0.08726646259971647,0.05672320068981571,0.08726646259971647,0,RUN,,,,24.0
1705000000,1704000000,yaw,SYNTHETIC_ONLY_01,steady,current,0.06152285613280011,0.08726646259971647,0.05715953300281428,0.08726646259971647,0,RUN,0.15,,,24.0
1705000000,1699000000,pitch,SYNTHETIC_ONLY_01,steady,speed,0.06152285613280011,0.08726646259971647,0.05715953300281428,0.08726646259971647,0,RUN,,,,24.0
1710000000,1709000000,yaw,SYNTHETIC_ONLY_01,steady,current,0.061959188445798695,0.08726646259971647,0.057595865315812865,0.08726646259971647,0,RUN,0.15,,,24.0
1710000000,1699000000,pitch,SYNTHETIC_ONLY_01,steady,speed,0.061959188445798695,0.08726646259971647,0.057595865315812865,0.08726646259971647,0,RUN,,,,24.0
1715000000,1714000000,yaw,SYNTHETIC_ONLY_01,steady,current,0.06239552075879728,0.08726646259971647,0.05803219762881145,0.08726646259971647,0,RUN,0.15,,,24.0
1715000000,1699000000,pitch,SYNTHETIC_ONLY_01,steady,speed,0.06239552075879728,0.08726646259971647,0.05803219762881145,0.08726646259971647,0,RUN,,,,24.0
1720000000,1719000000,yaw,SYNTHETIC_ONLY_01,steady,current,0.06283185307179585,0.08726646259971647,0.05846852994181003,0.08726646259971647,0,RUN,0.15,,,24.0
1720000000,1719000000,pitch,SYNTHETIC_ONLY_01,steady,speed,0.06283185307179585,0.08726646259971647,0.05846852994181003,0.08726646259971647,0,RUN,,,,24.0
1725000000,1724000000,yaw,SYNTHETIC_ONLY_01,steady,current,0.06326818538479444,0.08726646259971647,0.058904862254808614,0.08726646259971647,0,RUN,0.15,,,24.0
1725000000,1719000000,pitch,SYNTHETIC_ONLY_01,steady,speed,0.06326818538479444,0.08726646259971647,0.058904862254808614,0.08726646259971647,0,RUN,,,,24.0
1730000000,1729000000,yaw,SYNTHETIC_ONLY_01,steady,current,0.06370451769779302,0.08726646259971647,0.0593411945678072,0.08726646259971647,0,RUN,0.15,,,24.0
1730000000,1719000000,pitch,SYNTHETIC_ONLY_01,steady,speed,0.06370451769779302,0.08726646259971647,0.0593411945678072,0.08726646259971647,0,RUN,,,,24.0
1735000000,1734000000,yaw,SYNTHETIC_ONLY_01,steady,current,0.0641408500107916,0.08726646259971647,0.05977752688080578,0.08726646259971647,0,RUN,0.15,,,24.0
1735000000,1719000000,pitch,SYNTHETIC_ONLY_01,steady,speed,0.0641408500107916,0.08726646259971647,0.05977752688080578,0.08726646259971647,0,RUN,,,,24.0
1740000000,1739000000,yaw,SYNTHETIC_ONLY_01,steady,current,0.06457718232379019,0.08726646259971647,0.06021385919380436,0.08726646259971647,0,RUN,0.15,,,24.0
1740000000,1739000000,pitch,SYNTHETIC_ONLY_01,steady,speed,0.06457718232379019,0.08726646259971647,0.06021385919380436,0.08726646259971647,0,RUN,,,,24.0
1745000000,1744000000,yaw,SYNTHETIC_ONLY_01,steady,current,0.06501351463678877,0.08726646259971647,0.060650191506802946,0.08726646259971647,0,RUN,0.15,,,24.0
1745000000,1739000000,pitch,SYNTHETIC_ONLY_01,steady,speed,0.06501351463678877,0.08726646259971647,0.060650191506802946,0.08726646259971647,0,RUN,,,,24.0
1750000000,1749000000,yaw,SYNTHETIC_ONLY_01,steady,current,0.06544984694978735,0.08726646259971647,0.06108652381980153,0.08726646259971647,0,RUN,0.15,,,24.0
1750000000,1739000000,pitch,SYNTHETIC_ONLY_01,steady,speed,0.06544984694978735,0.08726646259971647,0.06108652381980153,0.08726646259971647,0,RUN,,,,24.0
1755000000,1754000000,yaw,SYNTHETIC_ONLY_01,steady,current,0.06588617926278593,0.08726646259971647,0.06152285613280011,0.08726646259971647,0,RUN,0.15,,,24.0
1755000000,1739000000,pitch,SYNTHETIC_ONLY_01,steady,speed,0.06588617926278593,0.08726646259971647,0.06152285613280011,0.08726646259971647,0,RUN,,,,24.0
1760000000,1759000000,yaw,SYNTHETIC_ONLY_01,steady,current,0.06632251157578452,0.08726646259971647,0.061959188445798695,0.08726646259971647,0,RUN,0.15,,,24.0
1760000000,1759000000,pitch,SYNTHETIC_ONLY_01,steady,speed,0.06632251157578452,0.08726646259971647,0.061959188445798695,0.08726646259971647,0,RUN,,,,24.0
1765000000,1764000000,yaw,SYNTHETIC_ONLY_01,steady,current,0.0667588438887831,0.08726646259971647,0.06239552075879728,0.08726646259971647,0,RUN,0.15,,,24.0
1765000000,1759000000,pitch,SYNTHETIC_ONLY_01,steady,speed,0.0667588438887831,0.08726646259971647,0.06239552075879728,0.08726646259971647,0,RUN,,,,24.0
1770000000,1769000000,yaw,SYNTHETIC_ONLY_01,steady,current,0.06719517620178168,0.08726646259971647,0.06283185307179585,0.08726646259971647,0,RUN,0.15,,,24.0
1770000000,1759000000,pitch,SYNTHETIC_ONLY_01,steady,speed,0.06719517620178168,0.08726646259971647,0.06283185307179585,0.08726646259971647,0,RUN,,,,24.0
1775000000,1774000000,yaw,SYNTHETIC_ONLY_01,steady,current,0.06763150851478027,0.08726646259971647,0.06326818538479444,0.08726646259971647,0,RUN,0.15,,,24.0
1775000000,1759000000,pitch,SYNTHETIC_ONLY_01,steady,speed,0.06763150851478027,0.08726646259971647,0.06326818538479444,0.08726646259971647,0,RUN,,,,24.0
1780000000,1779000000,yaw,SYNTHETIC_ONLY_01,steady,current,0.06806784082777885,0.08726646259971647,0.06370451769779302,0.08726646259971647,0,RUN,0.15,,,24.0
1780000000,1779000000,pitch,SYNTHETIC_ONLY_01,steady,speed,0.06806784082777885,0.08726646259971647,0.06370451769779302,0.08726646259971647,0,RUN,,,,24.0
1785000000,1784000000,yaw,SYNTHETIC_ONLY_01,steady,current,0.06850417314077743,0.08726646259971647,0.0641408500107916,0.08726646259971647,0,RUN,0.15,,,24.0
1785000000,1779000000,pitch,SYNTHETIC_ONLY_01,steady,speed,0.06850417314077743,0.08726646259971647,0.0641408500107916,0.08726646259971647,0,RUN,,,,24.0
1790000000,1789000000,yaw,SYNTHETIC_ONLY_01,steady,current,0.06894050545377602,0.08726646259971647,0.06457718232379019,0.08726646259971647,0,RUN,0.15,,,24.0
1790000000,1779000000,pitch,SYNTHETIC_ONLY_01,steady,speed,0.06894050545377602,0.08726646259971647,0.06457718232379019,0.08726646259971647,0,RUN,,,,24.0
1795000000,1794000000,yaw,SYNTHETIC_ONLY_01,steady,current,0.0693768377667746,0.08726646259971647,0.06501351463678877,0.08726646259971647,0,RUN,0.15,,,24.0
1795000000,1779000000,pitch,SYNTHETIC_ONLY_01,steady,speed,0.0693768377667746,0.08726646259971647,0.06501351463678877,0.08726646259971647,0,RUN,,,,24.0
1800000000,1799000000,yaw,SYNTHETIC_ONLY_01,steady,current,0.06981317007977318,0.08726646259971647,0.06544984694978735,0.08726646259971647,0,RUN,0.15,,,24.0
1800000000,1799000000,pitch,SYNTHETIC_ONLY_01,steady,speed,0.06981317007977318,0.08726646259971647,0.06544984694978735,0.08726646259971647,0,RUN,,,,24.0
1805000000,1804000000,yaw,SYNTHETIC_ONLY_01,steady,current,0.07024950239277176,0.08726646259971647,0.06588617926278593,0.08726646259971647,0,RUN,0.15,,,24.0
1805000000,1799000000,pitch,SYNTHETIC_ONLY_01,steady,speed,0.07024950239277176,0.08726646259971647,0.06588617926278593,0.08726646259971647,0,RUN,,,,24.0
1810000000,1809000000,yaw,SYNTHETIC_ONLY_01,steady,current,0.07068583470577035,0.08726646259971647,0.06632251157578452,0.08726646259971647,0,RUN,0.15,,,24.0
1810000000,1799000000,pitch,SYNTHETIC_ONLY_01,steady,speed,0.07068583470577035,0.08726646259971647,0.06632251157578452,0.08726646259971647,0,RUN,,,,24.0
1815000000,1814000000,yaw,SYNTHETIC_ONLY_01,steady,current,0.07112216701876893,0.08726646259971647,0.0667588438887831,0.08726646259971647,0,RUN,0.15,,,24.0
1815000000,1799000000,pitch,SYNTHETIC_ONLY_01,steady,speed,0.07112216701876893,0.08726646259971647,0.0667588438887831,0.08726646259971647,0,RUN,,,,24.0
1820000000,1819000000,yaw,SYNTHETIC_ONLY_01,steady,current,0.07155849933176751,0.08726646259971647,0.06719517620178168,0.08726646259971647,0,RUN,0.15,,,24.0
1820000000,1819000000,pitch,SYNTHETIC_ONLY_01,steady,speed,0.07155849933176751,0.08726646259971647,0.06719517620178168,0.08726646259971647,0,RUN,,,,24.0
1825000000,1824000000,yaw,SYNTHETIC_ONLY_01,steady,current,0.0719948316447661,0.08726646259971647,0.06763150851478027,0.08726646259971647,0,RUN,0.15,,,24.0
1825000000,1819000000,pitch,SYNTHETIC_ONLY_01,steady,speed,0.0719948316447661,0.08726646259971647,0.06763150851478027,0.08726646259971647,0,RUN,,,,24.0
1830000000,1829000000,yaw,SYNTHETIC_ONLY_01,steady,current,0.07243116395776468,0.08726646259971647,0.06806784082777885,0.08726646259971647,0,RUN,0.15,,,24.0
1830000000,1819000000,pitch,SYNTHETIC_ONLY_01,steady,speed,0.07243116395776468,0.08726646259971647,0.06806784082777885,0.08726646259971647,0,RUN,,,,24.0
1835000000,1834000000,yaw,SYNTHETIC_ONLY_01,steady,current,0.07286749627076325,0.08726646259971647,0.06850417314077742,0.08726646259971647,0,RUN,0.15,,,24.0
1835000000,1819000000,pitch,SYNTHETIC_ONLY_01,steady,speed,0.07286749627076325,0.08726646259971647,0.06850417314077742,0.08726646259971647,0,RUN,,,,24.0
1840000000,1839000000,yaw,SYNTHETIC_ONLY_01,steady,current,0.07330382858376183,0.08726646259971647,0.068940505453776,0.08726646259971647,0,RUN,0.15,,,24.0
1840000000,1839000000,pitch,SYNTHETIC_ONLY_01,steady,speed,0.07330382858376183,0.08726646259971647,0.068940505453776,0.08726646259971647,0,RUN,,,,24.0
1845000000,1844000000,yaw,SYNTHETIC_ONLY_01,steady,current,0.07374016089676041,0.08726646259971647,0.06937683776677459,0.08726646259971647,0,RUN,0.15,,,24.0
1845000000,1839000000,pitch,SYNTHETIC_ONLY_01,steady,speed,0.07374016089676041,0.08726646259971647,0.06937683776677459,0.08726646259971647,0,RUN,,,,24.0
1850000000,1849000000,yaw,SYNTHETIC_ONLY_01,steady,current,0.074176493209759,0.08726646259971647,0.06981317007977317,0.08726646259971647,0,RUN,0.15,,,24.0
1850000000,1839000000,pitch,SYNTHETIC_ONLY_01,steady,speed,0.074176493209759,0.08726646259971647,0.06981317007977317,0.08726646259971647,0,RUN,,,,24.0
1855000000,1854000000,yaw,SYNTHETIC_ONLY_01,steady,current,0.07461282552275758,0.08726646259971647,0.07024950239277175,0.08726646259971647,0,RUN,0.15,,,24.0
1855000000,1839000000,pitch,SYNTHETIC_ONLY_01,steady,speed,0.07461282552275758,0.08726646259971647,0.07024950239277175,0.08726646259971647,0,RUN,,,,24.0
1860000000,1859000000,yaw,SYNTHETIC_ONLY_01,steady,current,0.07504915783575616,0.08726646259971647,0.07068583470577033,0.08726646259971647,0,RUN,0.15,,,24.0
1860000000,1859000000,pitch,SYNTHETIC_ONLY_01,steady,speed,0.07504915783575616,0.08726646259971647,0.07068583470577033,0.08726646259971647,0,RUN,,,,24.0
1865000000,1864000000,yaw,SYNTHETIC_ONLY_01,steady,current,0.07548549014875475,0.08726646259971647,0.07112216701876892,0.08726646259971647,0,RUN,0.15,,,24.0
1865000000,1859000000,pitch,SYNTHETIC_ONLY_01,steady,speed,0.07548549014875475,0.08726646259971647,0.07112216701876892,0.08726646259971647,0,RUN,,,,24.0
1870000000,1869000000,yaw,SYNTHETIC_ONLY_01,steady,current,0.07592182246175333,0.08726646259971647,0.0715584993317675,0.08726646259971647,0,RUN,0.15,,,24.0
1870000000,1859000000,pitch,SYNTHETIC_ONLY_01,steady,speed,0.07592182246175333,0.08726646259971647,0.0715584993317675,0.08726646259971647,0,RUN,,,,24.0
1875000000,1874000000,yaw,SYNTHETIC_ONLY_01,steady,current,0.07635815477475191,0.08726646259971647,0.07199483164476608,0.08726646259971647,0,RUN,0.15,,,24.0
1875000000,1859000000,pitch,SYNTHETIC_ONLY_01,steady,speed,0.07635815477475191,0.08726646259971647,0.07199483164476608,0.08726646259971647,0,RUN,,,,24.0
1880000000,1879000000,yaw,SYNTHETIC_ONLY_01,steady,current,0.0767944870877505,0.08726646259971647,0.07243116395776467,0.08726646259971647,0,RUN,0.15,,,24.0
1880000000,1879000000,pitch,SYNTHETIC_ONLY_01,steady,speed,0.0767944870877505,0.08726646259971647,0.07243116395776467,0.08726646259971647,0,RUN,,,,24.0
1885000000,1884000000,yaw,SYNTHETIC_ONLY_01,steady,current,0.07723081940074908,0.08726646259971647,0.07286749627076325,0.08726646259971647,0,RUN,0.15,,,24.0
1885000000,1879000000,pitch,SYNTHETIC_ONLY_01,steady,speed,0.07723081940074908,0.08726646259971647,0.07286749627076325,0.08726646259971647,0,RUN,,,,24.0
1890000000,1889000000,yaw,SYNTHETIC_ONLY_01,steady,current,0.07766715171374766,0.08726646259971647,0.07330382858376183,0.08726646259971647,0,RUN,0.15,,,24.0
1890000000,1879000000,pitch,SYNTHETIC_ONLY_01,steady,speed,0.07766715171374766,0.08726646259971647,0.07330382858376183,0.08726646259971647,0,RUN,,,,24.0
1895000000,1894000000,yaw,SYNTHETIC_ONLY_01,steady,current,0.07810348402674624,0.08726646259971647,0.07374016089676041,0.08726646259971647,0,RUN,0.15,,,24.0
1895000000,1879000000,pitch,SYNTHETIC_ONLY_01,steady,speed,0.07810348402674624,0.08726646259971647,0.07374016089676041,0.08726646259971647,0,RUN,,,,24.0
1900000000,1899000000,yaw,SYNTHETIC_ONLY_01,steady,current,0.07853981633974483,0.08726646259971647,0.074176493209759,0.08726646259971647,0,RUN,0.15,,,24.0
1900000000,1899000000,pitch,SYNTHETIC_ONLY_01,steady,speed,0.07853981633974483,0.08726646259971647,0.074176493209759,0.08726646259971647,0,RUN,,,,24.0
1905000000,1904000000,yaw,SYNTHETIC_ONLY_01,steady,current,0.07897614865274341,0.08726646259971647,0.07461282552275758,0.08726646259971647,0,RUN,0.15,,,24.0
1905000000,1899000000,pitch,SYNTHETIC_ONLY_01,steady,speed,0.07897614865274341,0.08726646259971647,0.07461282552275758,0.08726646259971647,0,RUN,,,,24.0
1910000000,1909000000,yaw,SYNTHETIC_ONLY_01,steady,current,0.079412480965742,0.08726646259971647,0.07504915783575616,0.08726646259971647,0,RUN,0.15,,,24.0
1910000000,1899000000,pitch,SYNTHETIC_ONLY_01,steady,speed,0.079412480965742,0.08726646259971647,0.07504915783575616,0.08726646259971647,0,RUN,,,,24.0
1915000000,1914000000,yaw,SYNTHETIC_ONLY_01,steady,current,0.07984881327874058,0.08726646259971647,0.07548549014875475,0.08726646259971647,0,RUN,0.15,,,24.0
1915000000,1899000000,pitch,SYNTHETIC_ONLY_01,steady,speed,0.07984881327874058,0.08726646259971647,0.07548549014875475,0.08726646259971647,0,RUN,,,,24.0
1920000000,1919000000,yaw,SYNTHETIC_ONLY_01,steady,current,0.08028514559173916,0.08726646259971647,0.07592182246175333,0.08726646259971647,0,RUN,0.15,,,24.0
1920000000,1919000000,pitch,SYNTHETIC_ONLY_01,steady,speed,0.08028514559173916,0.08726646259971647,0.07592182246175333,0.08726646259971647,0,RUN,,,,24.0
1925000000,1924000000,yaw,SYNTHETIC_ONLY_01,steady,current,0.08072147790473774,0.08726646259971647,0.07635815477475191,0.08726646259971647,0,RUN,0.15,,,24.0
1925000000,1919000000,pitch,SYNTHETIC_ONLY_01,steady,speed,0.08072147790473774,0.08726646259971647,0.07635815477475191,0.08726646259971647,0,RUN,,,,24.0
1930000000,1929000000,yaw,SYNTHETIC_ONLY_01,steady,current,0.08115781021773633,0.08726646259971647,0.0767944870877505,0.08726646259971647,0,RUN,0.15,,,24.0
1930000000,1919000000,pitch,SYNTHETIC_ONLY_01,steady,speed,0.08115781021773633,0.08726646259971647,0.0767944870877505,0.08726646259971647,0,RUN,,,,24.0
1935000000,1934000000,yaw,SYNTHETIC_ONLY_01,steady,current,0.08159414253073491,0.08726646259971647,0.07723081940074908,0.08726646259971647,0,RUN,0.15,,,24.0
1935000000,1919000000,pitch,SYNTHETIC_ONLY_01,steady,speed,0.08159414253073491,0.08726646259971647,0.07723081940074908,0.08726646259971647,0,RUN,,,,24.0
1940000000,1939000000,yaw,SYNTHETIC_ONLY_01,steady,current,0.08203047484373349,0.08726646259971647,0.07766715171374766,0.08726646259971647,0,RUN,0.15,,,24.0
1940000000,1939000000,pitch,SYNTHETIC_ONLY_01,steady,speed,0.08203047484373349,0.08726646259971647,0.07766715171374766,0.08726646259971647,0,RUN,,,,24.0
1945000000,1944000000,yaw,SYNTHETIC_ONLY_01,steady,current,0.08246680715673207,0.08726646259971647,0.07810348402674624,0.08726646259971647,0,RUN,0.15,,,24.0
1945000000,1939000000,pitch,SYNTHETIC_ONLY_01,steady,speed,0.08246680715673207,0.08726646259971647,0.07810348402674624,0.08726646259971647,0,RUN,,,,24.0
1950000000,1949000000,yaw,SYNTHETIC_ONLY_01,steady,current,0.08290313946973066,0.08726646259971647,0.07853981633974483,0.08726646259971647,0,RUN,0.15,,,24.0
1950000000,1939000000,pitch,SYNTHETIC_ONLY_01,steady,speed,0.08290313946973066,0.08726646259971647,0.07853981633974483,0.08726646259971647,0,RUN,,,,24.0
1955000000,1954000000,yaw,SYNTHETIC_ONLY_01,steady,current,0.08333947178272924,0.08726646259971647,0.07897614865274341,0.08726646259971647,0,RUN,0.15,,,24.0
1955000000,1939000000,pitch,SYNTHETIC_ONLY_01,steady,speed,0.08333947178272924,0.08726646259971647,0.07897614865274341,0.08726646259971647,0,RUN,,,,24.0
1960000000,1959000000,yaw,SYNTHETIC_ONLY_01,steady,current,0.08377580409572781,0.08726646259971647,0.07941248096574198,0.08726646259971647,0,RUN,0.15,,,24.0
1960000000,1959000000,pitch,SYNTHETIC_ONLY_01,steady,speed,0.08377580409572781,0.08726646259971647,0.07941248096574198,0.08726646259971647,0,RUN,,,,24.0
1965000000,1964000000,yaw,SYNTHETIC_ONLY_01,steady,current,0.08421213640872639,0.08726646259971647,0.07984881327874056,0.08726646259971647,0,RUN,0.15,,,24.0
1965000000,1959000000,pitch,SYNTHETIC_ONLY_01,steady,speed,0.08421213640872639,0.08726646259971647,0.07984881327874056,0.08726646259971647,0,RUN,,,,24.0
1970000000,1969000000,yaw,SYNTHETIC_ONLY_01,steady,current,0.08464846872172498,0.08726646259971647,0.08028514559173915,0.08726646259971647,0,RUN,0.15,,,24.0
1970000000,1959000000,pitch,SYNTHETIC_ONLY_01,steady,speed,0.08464846872172498,0.08726646259971647,0.08028514559173915,0.08726646259971647,0,RUN,,,,24.0
1975000000,1974000000,yaw,SYNTHETIC_ONLY_01,steady,current,0.08508480103472356,0.08726646259971647,0.08072147790473773,0.08726646259971647,0,RUN,0.15,,,24.0
1975000000,1959000000,pitch,SYNTHETIC_ONLY_01,steady,speed,0.08508480103472356,0.08726646259971647,0.08072147790473773,0.08726646259971647,0,RUN,,,,24.0
1980000000,1979000000,yaw,SYNTHETIC_ONLY_01,steady,current,0.08552113334772214,0.08726646259971647,0.08115781021773631,0.08726646259971647,0,RUN,0.15,,,24.0
1980000000,1979000000,pitch,SYNTHETIC_ONLY_01,steady,speed,0.08552113334772214,0.08726646259971647,0.08115781021773631,0.08726646259971647,0,RUN,,,,24.0
1985000000,1984000000,yaw,SYNTHETIC_ONLY_01,steady,current,0.08595746566072072,0.08726646259971647,0.0815941425307349,0.08726646259971647,0,RUN,0.15,,,24.0
1985000000,1979000000,pitch,SYNTHETIC_ONLY_01,steady,speed,0.08595746566072072,0.08726646259971647,0.0815941425307349,0.08726646259971647,0,RUN,,,,24.0
1990000000,1989000000,yaw,SYNTHETIC_ONLY_01,steady,current,0.08639379797371931,0.08726646259971647,0.08203047484373348,0.08726646259971647,0,RUN,0.15,,,24.0
1990000000,1979000000,pitch,SYNTHETIC_ONLY_01,steady,speed,0.08639379797371931,0.08726646259971647,0.08203047484373348,0.08726646259971647,0,RUN,,,,24.0
1995000000,1994000000,yaw,SYNTHETIC_ONLY_01,steady,current,0.08683013028671789,0.08726646259971647,0.08246680715673206,0.08726646259971647,0,RUN,0.15,,,24.0
1995000000,1979000000,pitch,SYNTHETIC_ONLY_01,steady,speed,0.08683013028671789,0.08726646259971647,0.08246680715673206,0.08726646259971647,0,RUN,,,,24.0
2000000000,1999000000,yaw,SYNTHETIC_ONLY_01,steady,current,0.08726646259971647,0.08726646259971647,0.08290313946973064,0.08726646259971647,0,RUN,0.15,,,24.0
2000000000,1999000000,pitch,SYNTHETIC_ONLY_01,steady,speed,0.08726646259971647,0.08726646259971647,0.08290313946973064,0.08726646259971647,0,RUN,,,,24.0
