run,archive_member,paired_can_records,decoder_mismatches,yaw_feedback_records,unpaired_decoded_records,encoder_unwrap_max_abs_error_rad,relative_vs_common_phase_offset_deg,yaw_sample_span_s,q_span_deg,current_min_A,current_max_A,temperature_raw_min,temperature_raw_max,experiment_index_counts_match,best_lag_ms,feedback_gain,feedback_intercept_A,feedback_rmse_A,unity_rmse_zero_A,unity_rmse_one_ms_A,unity_rmse_frozen_A,native_gyro_records,native_gyro_median_period_ms,projected_gyro_peak_abs_deg_s,candidate13_projection_compared_cycles,candidate13_projection_max_abs_error_rad_s
yaw-physical-probe-01,evidence/yaw-physical-probe-01/station/yaw-acquisition.jsonl,7002,0,7002,0,1.0408340855860843e-17,0.0,7.000748561,1.494140625,-0.25030517578125,0.25030517578125,28,28,True,1,1.0001467670196147,-6.841891930417973e-06,0.0017127534643419842,0.0018931274430966255,0.0017127862538444916,0.0213382056091936,330,20.003,9.310077506969177,,
yaw-30deg-01,evidence/yaw-30deg-01/station/yaw-acquisition.jsonl,19003,0,19003,0,1.3877787807814457e-17,0.9228515624999952,19.001868968,1.2744140625,-0.0648193359375,0.2559814453125,28,28,True,1,0.9999144156469589,5.273103290709402e-06,0.0016867707840536176,0.002356328346273453,0.0016868322178822687,0.014891924456156617,931,19.9685,8.320578906945412,,
yaw-maximum-stationary-01,evidence/yaw-maximum-stationary-01/station/yaw-acquisition.jsonl,12002,0,12002,0,6.252776074688882e-13,85.8251953125,12.000816442000001,2567.548828125,-0.9459228515625,0.9488525390625,28,28,True,1,0.9993796315525454,5.594919642369816e-06,0.008882196610957804,0.00907335861422695,0.008889104963595393,0.04373113984305195,580,19.977999999999998,1122.95719420342,,
yaw-descended-01,evidence/yaw-descended-01/station/yaw-acquisition.jsonl,12002,0,12002,0,4.973799150320701e-13,138.60351562499997,12.000954148000002,1464.78515625,-0.6112060546875,0.61102294921875,28,28,True,1,0.9994992483989549,2.2702780012307066e-06,0.003019860760670971,0.0032338614459191542,0.0030257415315046938,0.028737972998350333,580,19.968999999999998,690.4158759430269,,
yaw-descended-02,evidence/yaw-descended-02/station/yaw-acquisition.jsonl,12002,0,12002,0,1.4033219031261979e-13,169.365234375,12.000852945,688.359375,-0.4599609375,0.45721435546875,28,28,True,2,0.9995368604613949,-3.389644714211769e-05,0.002434450059839547,0.0025775113796257967,0.002439985141684072,0.021561750518946075,580,19.989,371.37447128718384,,
yaw-descended-03,evidence/yaw-descended-03/station/yaw-acquisition.jsonl,12002,0,12002,0,4.85722573273506e-17,157.67578125,12.000861513000002,3.0322265625,-0.308349609375,0.30963134765625,28,28,True,1,0.9999713914689696,-3.326239066881992e-05,0.002390891209236405,0.0024394593086125888,0.002391128635915268,0.014527700972587937,580,19.986,13.597736190736649,,
yaw-program-information-02,evidence/yaw-program-information-02/station/yaw-acquisition.jsonl,8252,0,8252,0,3.68594044175552e-14,155.56640624999997,8.25096686,101.2939453125,-0.416015625,0.59765625,28,28,True,1,0.9993640531057444,6.71700918677548e-05,0.0024040854964240085,0.0027781723946032288,0.002408288779871511,0.03527492864410753,393,19.991999999999997,172.39005170409476,,
yaw-information-case4-01,evidence/yaw-information-case4-01/station/yaw-acquisition.jsonl,8250,0,8250,0,2.42861286636753e-17,67.19238281250001,8.248855435000001,1.669921875,-0.0076904296875,0.41070556640625,25,25,True,1,0.9998745293898967,-6.348541498155114e-06,0.002253628441116415,0.002364643009345819,0.002253791958977872,0.0193022199582327,393,19.976499999999998,13.597736190736649,,
yaw-information-case13-01,evidence/yaw-information-case13-01/station/yaw-acquisition.jsonl,8250,0,8250,0,1.0408340855860843e-17,65.87402343749999,8.248914545,1.58203125,-0.09576416015625,0.5489501953125,25,25,True,1,1.0000873614862742,8.823127904789008e-06,0.002459529001416989,0.0026408692647604723,0.0024596419111347504,0.027260524934056375,392,19.98,4.956597462587491,,
yaw-information-round2-case14-positive,evidence/yaw-information-round2-case14-positive/station/yaw-acquisition.jsonl,10998,0,10998,0,1.6697754290362354e-12,-166.94824218750003,10.996919210000001,3165.2490234375,-0.01593017578125,0.9393310546875,25,26,True,1,0.9994055386927447,0.00016151289979310368,0.006244614564401754,0.006455186954520757,0.006247906138309951,0.03983183444592074,531,19.988,1008.782615410026,,
yaw-information-round2-case15-negative,evidence/yaw-information-round2-case15-negative/station/yaw-acquisition.jsonl,10999,0,10999,0,1.2363443602225743e-12,65.5224609375,10.997983492000001,3008.1005859375,-0.9407958984375,0.015380859375,25,26,True,1,0.9992579452821629,-0.00023713507219597085,0.006209938047148593,0.006486480635819818,0.006215060559119319,0.04620997049058202,531,20.0,1007.7456496816419,,
yaw-information-round2-case20-negative,evidence/yaw-information-round2-case20-negative/station/yaw-acquisition.jsonl,10997,0,10997,0,6.892264536872972e-13,-91.9775390625,10.995710374000002,2903.5546875,-0.94207763671875,0.32135009765625,25,26,True,1,0.9993168907893638,-0.00020411145288484756,0.006125596045763485,0.006334045785300328,0.006130691227457646,0.04033191966490254,531,19.997999999999998,999.6022784923656,,
yaw-feedback-02,evidence/yaw-feedback-02/station/yaw-control.jsonl,12003,0,12003,0,1.734723475976807e-16,-0.04394531250000462,12.001906792,3.8232421875,-0.5302734375,0.64544677734375,27,28,True,1,1.0000065180100224,-7.475614414845233e-06,0.0026968253244115154,0.0042766113513380485,0.0026968347947631016,0.04269276186829148,580,19.997,9.777827141783359,,
yaw-feedback-03,evidence/yaw-feedback-03/station/yaw-control.jsonl,12002,0,12002,0,2.498001805406602e-16,0.0,12.000767468000001,5.3173828125,-0.53448486328125,0.66339111328125,27,27,True,1,0.9999215196208836,2.171361331321231e-05,0.002969315770242055,0.0055618258953427585,0.0029694621666760054,0.06143589096190794,580,20.017,9.890024526573145,,
yaw-feedback-04,evidence/yaw-feedback-04/station/yaw-control.jsonl,12002,0,12002,0,1.457167719820518e-16,-0.043945312499979176,12.000860695,3.2958984375,-0.5914306640625,0.7027587890625,27,28,True,1,1.000034923954923,7.592607095027737e-06,0.0028767520410869457,0.005019937429886393,0.0028767933272210427,0.05936831572180682,580,19.980999999999998,12.023714936914727,,
yaw-feedback-05,evidence/yaw-feedback-05/station/yaw-control.jsonl,12002,0,12002,0,5.273559366969494e-16,-0.043945312499979176,12.000869960000001,10.810546875,-0.62347412109375,0.7489013671875,27,27,True,1,0.9999423120459842,1.0255146262662385e-05,0.002559253682388801,0.0036702201751838124,0.002559365951808951,0.054882531024680964,580,19.991,14.266344865281173,,
yaw-feedback-06,evidence/yaw-feedback-06/station/yaw-control.jsonl,12003,0,12003,0,3.3306690738754696e-16,-0.04394531250000462,12.001891362,6.284179687499993,-0.637939453125,0.78955078125,25,26,True,1,0.9999225752637874,2.840532566016074e-06,0.0032124054098735433,0.005296304821872881,0.003212535821739247,0.07328501023721987,580,19.974999999999998,22.355647937869787,,
yaw-feedback-07,evidence/yaw-feedback-07/station/yaw-control.jsonl,12003,0,12003,0,2.7755575615628914e-15,-0.043945312499979176,12.001976656,21.049804687500007,-0.68280029296875,0.57586669921875,25,25,True,1,0.9999640565789274,3.355916045943985e-05,0.0028984098853064607,0.004651492991699156,0.0028987033945640653,0.05296191687785272,581,19.9975,33.688206133544526,,
yaw-feedback-08,evidence/yaw-feedback-08/station/yaw-control.jsonl,12002,0,12002,0,2.220446049250313e-16,-0.043945312499979176,12.000852593000001,4.921875000000007,-0.64617919921875,0.7254638671875,25,25,True,1,0.9999411423820521,9.79806695484281e-06,0.0034085254568494597,0.005815610651218593,0.0034086141153526735,0.06952642738607336,580,19.957,15.377814450389486,,
yaw-feedback-09,evidence/yaw-feedback-09/station/yaw-control.jsonl,12002,0,12002,0,2.220446049250313e-16,0.0,12.000874417000002,4.833984374999993,-0.60919189453125,0.75823974609375,25,26,True,1,1.0000538601164017,-3.337921318374848e-07,0.00393838695725284,0.006521691379449676,0.003938449399505014,0.07816595439928857,580,19.994,14.473097306634974,,
yaw-feedback-10,evidence/yaw-feedback-10/station/yaw-control.jsonl,12002,0,12002,0,2.498001805406602e-16,-0.08789062500000924,12.000843278,5.053710937500014,-0.60296630859375,0.6485595703125,25,26,True,1,0.9999491091112763,5.187454572466721e-06,0.002282520013543753,0.003299729361732387,0.0022825689158875867,0.057332856775200725,580,19.99,14.248007101532517,,
yaw-feedback-11,evidence/yaw-feedback-11/station/yaw-control.jsonl,12072,0,12072,0,1.1796119636642288e-16,-0.17578125000001849,12.070763103,1.3623046875,-0.11865234375,0.40228271484375,26,26,True,1,0.999951831615735,3.28198146531955e-06,0.0016763630102732908,0.0020662415708538476,0.0016763793793913404,0.012050122049454963,584,19.996,4.5097480227640006,,
yaw-feedback-12,evidence/yaw-feedback-12/station/yaw-control.jsonl,12063,0,12063,0,2.220446049250313e-16,0.0,12.061718959,5.9326171875,-0.5888671875,0.69158935546875,26,26,True,1,0.9999021581198847,-4.7813959440506926e-06,0.0025305320112113507,0.004646715258081579,0.0025307269575015846,0.07162215762402467,583,20.0,17.291720952317583,,
yaw-feedback-12-speed-pos5,evidence/yaw-feedback-12-speed-pos5/station/yaw-control.jsonl,11157,0,11157,0,7.216449660063518e-16,0.0,11.155899129000002,13.0517578125,-0.183837890625,0.769775390625,26,26,True,1,0.999832569083113,5.096694264802859e-05,0.0032171065214019598,0.005592113885786223,0.003217409797648517,0.06621248948136933,542,19.977,21.452797789834424,,
yaw-feedback-13-speed-pos5,evidence/yaw-feedback-13-speed-pos5/station/yaw-control.jsonl,11247,0,11247,0,1.27675647831893e-15,0.0,11.245910873,17.753906250000014,-0.345703125,0.71630859375,26,26,True,1,0.9999400207060758,-4.240911483072152e-06,0.003107979857312909,0.004691814583030058,0.0031080619952866006,0.053169497134509254,546,19.996,21.340600405044633,1449.0,1.1102230246251565e-16
