run_id,journal,direction,start_ns,end_ns,duration_s,encoder_events,gyro_events
yaw-feedback-12-MOVE-2-block-0,run/adr0022-stage2/yaw-feedback-12/station/yaw-control.jsonl,1,219733408131324,219733527143565,0.119012241,120,6
yaw-feedback-12-MOVE-8-block-0,run/adr0022-stage2/yaw-feedback-12/station/yaw-control.jsonl,1,219734333154157,219734393112985,0.059958828000000006,61,3
yaw-feedback-12-MOVE-10-block-0,run/adr0022-stage2/yaw-feedback-12/station/yaw-control.jsonl,1,219734773137361,219734832894794,0.059757433000000006,60,3
yaw-feedback-12-MOVE-12-block-0,run/adr0022-stage2/yaw-feedback-12/station/yaw-control.jsonl,1,219735143163773,219735263106058,0.11994228500000001,121,6
yaw-feedback-12-MOVE-14-block-0,run/adr0022-stage2/yaw-feedback-12/station/yaw-control.jsonl,1,219735558151333,219735617131248,0.058979915,59,3
yaw-feedback-12-MOVE-16-block-0,run/adr0022-stage2/yaw-feedback-12/station/yaw-control.jsonl,1,219735918159891,219735978150163,0.059990272000000004,60,3
yaw-feedback-12-MOVE-26-block-0,run/adr0022-stage2/yaw-feedback-12/station/yaw-control.jsonl,-1,219737688150678,219737748120747,0.059970069,61,3
yaw-feedback-12-MOVE-30-block-0,run/adr0022-stage2/yaw-feedback-12/station/yaw-control.jsonl,-1,219738328159409,219738388140663,0.059981254000000005,60,3
yaw-feedback-12-MOVE-32-block-0,run/adr0022-stage2/yaw-feedback-12/station/yaw-control.jsonl,-1,219738639100872,219738698183693,0.059082821,60,3
yaw-feedback-12-MOVE-34-block-0,run/adr0022-stage2/yaw-feedback-12/station/yaw-control.jsonl,-1,219739058097327,219739177098977,0.11900165,120,6
yaw-feedback-12-MOVE-41-block-0,run/adr0022-stage2/yaw-feedback-12/station/yaw-control.jsonl,1,219740183085064,219740242990000,0.059904936000000006,60,4
yaw-feedback-12-MOVE-44-block-0,run/adr0022-stage2/yaw-feedback-12/station/yaw-control.jsonl,-1,219740803119310,219740922124182,0.11900487200000001,120,6
yaw-feedback-12-speed-pos5-MOVE-22-block-0,run/adr0022-stage2/yaw-feedback-12-speed-pos5/station/yaw-control.jsonl,1,220110618522998,220110737533300,0.11901030200000001,120,6
yaw-feedback-12-speed-pos5-MOVE-26-block-0,run/adr0022-stage2/yaw-feedback-12-speed-pos5/station/yaw-control.jsonl,1,220111233511520,220111292544381,0.059032861000000006,60,3
yaw-feedback-12-speed-pos5-MOVE-28-block-0,run/adr0022-stage2/yaw-feedback-12-speed-pos5/station/yaw-control.jsonl,1,220111543496844,220111602524667,0.05902782300000001,60,3
yaw-feedback-12-speed-pos5-MOVE-30-block-0,run/adr0022-stage2/yaw-feedback-12-speed-pos5/station/yaw-control.jsonl,1,220111883527072,220111943506069,0.059978997000000006,61,3
yaw-feedback-12-speed-pos5-MOVE-32-block-0,run/adr0022-stage2/yaw-feedback-12-speed-pos5/station/yaw-control.jsonl,1,220112228562628,220112288370238,0.059807610000000004,59,3
yaw-feedback-12-speed-pos5-MOVE-34-block-0,run/adr0022-stage2/yaw-feedback-12-speed-pos5/station/yaw-control.jsonl,1,220112618506515,220112678491586,0.059985071,61,3
yaw-feedback-12-speed-pos5-MOVE-36-block-0,run/adr0022-stage2/yaw-feedback-12-speed-pos5/station/yaw-control.jsonl,1,220112943551338,220113003518649,0.059967311,60,3
yaw-feedback-12-speed-pos5-MOVE-40-block-0,run/adr0022-stage2/yaw-feedback-12-speed-pos5/station/yaw-control.jsonl,1,220113468503107,220113528483400,0.059980293000000004,61,3
yaw-feedback-12-speed-pos5-MOVE-42-block-0,run/adr0022-stage2/yaw-feedback-12-speed-pos5/station/yaw-control.jsonl,1,220113823534687,220113883498518,0.059963831,61,3
yaw-feedback-12-speed-pos5-MOVE-44-block-0,run/adr0022-stage2/yaw-feedback-12-speed-pos5/station/yaw-control.jsonl,1,220114158504794,220114638468492,0.47996369800000005,481,24
yaw-feedback-12-speed-pos5-MOVE-48-block-0,run/adr0022-stage2/yaw-feedback-12-speed-pos5/station/yaw-control.jsonl,1,220115023541070,220115143492620,0.11995155,120,6
yaw-feedback-13-speed-pos5-MOVE-69-block-0,run/adr0022-stage2/yaw-feedback-13-speed-pos5/station/yaw-control.jsonl,1,221022396520841,221022995522594,0.599001753,599,30
yaw-feedback-13-speed-pos5-MOVE-69-block-12,run/adr0022-stage2/yaw-feedback-13-speed-pos5/station/yaw-control.jsonl,1,221023116526571,221023236487023,0.11996045200000001,121,6
yaw-feedback-13-speed-pos5-MOVE-69-block-15,run/adr0022-stage2/yaw-feedback-13-speed-pos5/station/yaw-control.jsonl,1,221023296542017,221024316184502,1.019642485,1019,51
yaw-feedback-13-speed-pos5-MOVE-73-block-0,run/adr0022-stage2/yaw-feedback-13-speed-pos5/station/yaw-control.jsonl,1,221024746538597,221024866492623,0.119954026,120,6
yaw-feedback-13-speed-pos5-MOVE-79-block-0,run/adr0022-stage2/yaw-feedback-13-speed-pos5/station/yaw-control.jsonl,-1,221025786566112,221025905472466,0.118906354,120,6
yaw-feedback-13-speed-pos5-MOVE-87-block-0,run/adr0022-stage2/yaw-feedback-13-speed-pos5/station/yaw-control.jsonl,-1,221026946495969,221027126417342,0.17992137300000002,181,9
